,"Meal, Inexpensive Restaurant","Meal for 2 People, Mid-range Restaurant, Three-course",McMeal at McDonalds (or Equivalent Combo Meal),"Domestic Beer (0,5 liter draught)","Imported Beer (0,33 liter bottle)","Coke/Pepsi (0,33 liter bottle)","Water (0,33 liter bottle) ","Milk (regular), (1 liter)",Loaf of Fresh White Bread (500g),Eggs (regular) (12),Local Cheese (1kg),"Water (1,5 liter bottle)",Bottle of Wine (Mid-Range),"Domestic Beer (0,5 liter bottle)","Imported Beer (0,33 liter bottle)",Cigarettes 20 Pack (Marlboro),One-way Ticket (Local Transport),"Chicken Breasts (Boneless, Skinless), (1kg)",Monthly Pass (Regular Price),Gasoline (1 liter),Volkswagen Golf,Apartment (1 bedroom) in City Centre,Apartment (1 bedroom) Outside of Centre,Apartment (3 bedrooms) in City Centre,Apartment (3 bedrooms) Outside of Centre,"Basic (Electricity, Heating, Cooling, Water, Garbage) for 85m2 Apartment","1 min, of Prepaid Mobile Tariff Local (No Discounts or Plans)","Internet (60 Mbps or More, Unlimited Data, Cable/ADSL)","Fitness Club, Monthly Fee for 1 Adult",Tennis Court Rent (1 Hour on Weekend),"Cinema, International Release, 1 Seat",1 Pair of Jeans (Levis 501 Or Similar),"1 Summer Dress in a Chain Store (Zara, H&M, ,,,)",1 Pair of Nike Running Shoes (Mid-Range),1 Pair of Men Leather Business Shoes,Price per Square Meter to Buy Apartment in City Centre,Price per Square Meter to Buy Apartment Outside of Centre,Average Monthly Net Salary (After Tax),"Mortgage Interest Rate in Percentages (%), Yearly, for 20 Years Fixed-Rate",Taxi Start (Normal Tariff),Taxi 1km (Normal Tariff),Taxi 1hour Waiting (Normal Tariff),Apples (1kg),Oranges (1kg),Potato (1kg),Lettuce (1 head),Cappuccino (regular),"Rice (white), (1kg)",Tomato (1kg),Banana (1kg),Onion (1kg),Beef Round (1kg) (or Equivalent Back Leg Red Meat),"Toyota Corolla 1,6l 97kW Comfort (Or Equivalent New Car)","Preschool (or Kindergarten), Full Day, Private, Monthly for 1 Child","International Primary School, Yearly for 1 Child"
"Colombo, Sri Lanka","1,49 €","14,90 €","4,22 €","1,49 €","2,48 €","0,56 €","0,22 €","1,09 €","0,42 €","1,08 €","10,49 €","0,49 €","12,42 €","1,05 €","1,66 €","5,96 €","0,12 €","3,56 €","4,97 €","0,71 €","24.834,98 €","325,83 €","116,89 €","768,96 €","272,27 €","37,91 €","0,01 €","13,95 €","15,47 €","5,12 €","3,48 €","25,09 €","18,11 €","50,58 €","28,05 €","1.935,85 €","933,95 €","244,23 €","14,45 €","0,30 €","0,25 €","0,60 €","2,40 €","2,17 €","0,84 €","0,76 €","2,21 €","0,52 €","0,76 €","0,83 €","0,74 €","5,25 €","32.151,75 €","45,28 €","788,02 €"
"Chennai, India","1,52 €","7,59 €","3,35 €","1,90 €","3,16 €","0,42 €","0,19 €","0,60 €","0,41 €","0,75 €","4,88 €","0,39 €","6,33 €","1,49 €","2,59 €","3,80 €","0,25 €","2,80 €","12,66 €","0,98 €","11.390,48 €","163,90 €","98,51 €","398,88 €","225,75 €","35,72 €","0,01 €","11,19 €","17,63 €","5,58 €","2,53 €","26,94 €","23,73 €","38,55 €","29,83 €","1.647,69 €","672,80 €","403,82 €","9,89 €","1,27 €","0,19 €","0,76 €","2,03 €","1,08 €","0,45 €","0,36 €","1,30 €","0,67 €","0,41 €","0,78 €","0,45 €","4,17 €","21.604,75 €","51,12 €","1.470,30 €"
"Bangkok, Thailand","1,78 €","23,74 €","5,04 €","2,37 €","4,45 €","0,51 €","0,27 €","1,51 €","0,99 €","1,67 €","19,58 €","0,51 €","22,25 €","1,79 €","3,52 €","4,38 €","1,04 €","2,70 €","35,61 €","0,89 €","38.574,86 €","611,26 €","299,91 €","1.819,06 €","803,37 €","88,89 €","0,05 €","20,69 €","61,07 €","8,37 €","7,42 €","55,13 €","33,30 €","88,52 €","85,25 €","4.978,84 €","2.299,65 €","668,60 €","5,57 €","1,04 €","0,25 €","3,56 €","2,81 €","2,20 €","1,24 €","0,95 €","2,07 €","1,20 €","1,41 €","1,16 €","1,13 €","12,62 €","25.233,71 €","244,68 €","13.741,17 €"
"Ahmedabad, India","1,90 €","8,86 €","3,16 €","1,90 €","3,80 €","0,39 €","0,19 €","0,64 €","0,45 €","0,83 €","5,83 €","0,35 €","7,59 €","1,59 €","2,99 €","3,16 €","0,25 €","3,39 €","5,06 €","0,91 €","10.757,68 €","199,17 €","149,35 €","366,69 €","267,89 €","47,94 €","0,01 €","7,34 €","18,18 €","7,92 €","3,16 €","25,76 €","31,09 €","42,83 €","29,11 €","780,22 €","397,97 €","303,54 €","9,75 €","0,63 €","0,19 €","0,89 €","1,48 €","0,77 €","0,28 €","0,49 €","1,40 €","0,74 €","0,41 €","0,48 €","0,33 €","5,70 €","20.809,53 €","51,34 €","1.218,73 €"
"Hyderabad, India","1,90 €","8,86 €","3,80 €","1,52 €","2,53 €","0,42 €","0,18 €","0,62 €","0,45 €","0,78 €","5,11 €","0,37 €","8,86 €","1,44 €","2,36 €","3,80 €","0,25 €","3,02 €","12,02 €","0,98 €","11.517,04 €","156,95 €","92,66 €","392,34 €","221,72 €","21,79 €","0,01 €","9,47 €","18,10 €","7,02 €","2,53 €","26,60 €","26,36 €","41,62 €","32,19 €","966,07 €","537,56 €","441,12 €","9,53 €","0,63 €","0,19 €","0,95 €","1,94 €","0,98 €","0,35 €","0,57 €","1,17 €","0,65 €","0,44 €","0,57 €","0,33 €","4,16 €","21.345,77 €","60,32 €","1.715,91 €"
"Tunis, Tunisia","1,92 €","12,78 €","3,19 €","1,60 €","1,60 €","0,50 €","0,28 €","0,39 €","0,10 €","0,82 €","6,52 €","0,22 €","4,79 €","0,74 €","0,90 €","2,08 €","0,16 €","3,39 €","9,58 €","0,63 €","21.863,24 €","173,76 €","121,37 €","331,41 €","244,12 €","30,66 €","0,06 €","17,03 €","22,10 €","6,44 €","3,19 €","39,79 €","37,30 €","71,60 €","45,83 €","714,10 €","504,39 €","285,79 €","9,23 €","0,16 €","0,32 €","4,79 €","1,42 €","0,60 €","0,50 €","0,28 €","0,67 €","0,56 €","0,53 €","1,54 €","0,49 €","8,04 €","21.400,10 €","72,31 €","1.644,93 €"
"Hanoi, Vietnam","1,94 €","15,52 €","3,88 €","0,78 €","1,55 €","0,45 €","0,28 €","1,32 €","0,71 €","1,31 €","14,41 €","0,59 €","7,76 €","0,65 €","1,18 €","1,11 €","0,27 €","3,36 €","7,76 €","0,79 €","38.808,39 €","318,43 €","192,28 €","608,96 €","426,13 €","67,49 €","0,06 €","9,41 €","24,06 €","6,68 €","3,69 €","30,90 €","28,70 €","73,25 €","67,54 €","1.791,94 €","936,95 €","354,62 €","8,39 €","0,39 €","0,43 €","1,16 €","2,71 €","1,63 €","0,92 €","0,58 €","1,57 €","0,79 €","0,94 €","0,85 €","0,91 €","7,92 €","33.491,64 €","166,55 €","8.021,90 €"
"Ho Chi Minh City, Vietnam","1,94 €","17,50 €","3,87 €","0,78 €","1,36 €","0,43 €","0,26 €","1,21 €","0,66 €","1,26 €","11,35 €","0,47 €","9,72 €","0,73 €","1,13 €","0,97 €","0,23 €","2,45 €","5,83 €","0,80 €","38.894,22 €","421,19 €","284,19 €","971,40 €","588,11 €","51,25 €","0,08 €","10,42 €","21,48 €","6,82 €","3,50 €","37,62 €","29,14 €","81,51 €","66,79 €","2.317,13 €","1.102,68 €","347,14 €","9,15 €","0,47 €","0,54 €","1,17 €","2,37 €","1,18 €","0,93 €","0,72 €","1,72 €","0,71 €","0,77 €","0,77 €","0,92 €","9,69 €","30.780,17 €","109,65 €","7.237,44 €"
"Kathmandu, Nepal","1,99 €","11,92 €","5,56 €","2,38 €","3,18 €","0,45 €","0,20 €","0,67 €","0,43 €","1,29 €","7,48 €","0,28 €","6,75 €","1,78 €","2,50 €","1,99 €","0,16 €","3,69 €","7,15 €","0,87 €","29.976,83 €","155,63 €","100,89 €","295,43 €","186,01 €","24,92 €","0,02 €","16,66 €","24,02 €","8,50 €","3,06 €","24,30 €","27,81 €","49,71 €","38,55 €","1.228,74 €","596,05 €","184,17 €","11,06 €","1,99 €","0,60 €","2,78 €","1,69 €","0,95 €","0,32 €","0,28 €","1,54 €","0,79 €","0,50 €","0,90 €","0,41 €","4,39 €","46.216,93 €","55,92 €","1.154,07 €"
"Bangalore, India","2,53 €","12,66 €","3,16 €","1,90 €","3,80 €","0,44 €","0,19 €","0,53 €","0,44 €","0,81 €","5,79 €","0,36 €","7,59 €","1,57 €","2,99 €","3,80 €","0,38 €","3,00 €","15,82 €","0,98 €","11.390,48 €","213,50 €","124,18 €","545,83 €","315,83 €","22,24 €","0,01 €","12,42 €","20,00 €","5,18 €","3,80 €","29,66 €","27,71 €","42,78 €","35,07 €","1.578,13 €","685,08 €","579,22 €","9,19 €","0,63 €","0,23 €","0,76 €","2,08 €","0,93 €","0,36 €","0,54 €","1,63 €","0,68 €","0,39 €","0,68 €","0,41 €","4,42 €","22.444,75 €","87,82 €","2.473,25 €"
"Kolkata, India","2,53 €","10,76 €","3,79 €","1,87 €","3,48 €","0,35 €","0,14 €","0,50 €","0,29 €","0,78 €","4,29 €","0,35 €","7,59 €","1,53 €","2,73 €","3,80 €","0,13 €","2,43 €","3,16 €","0,96 €","10.757,68 €","138,31 €","79,35 €","321,93 €","184,50 €","29,47 €","0,01 €","7,72 €","15,18 €","7,07 €","3,16 €","29,84 €","29,48 €","41,37 €","30,39 €","1.031,14 €","535,32 €","323,06 €","9,13 €","0,38 €","0,22 €","0,76 €","1,63 €","1,05 €","0,27 €","0,32 €","1,38 €","0,59 €","0,43 €","0,60 €","0,36 €","4,15 €","19.667,56 €","37,06 €","1.126,10 €"
"Chandigarh, India","2,54 €","10,16 €","3,30 €","1,90 €","3,17 €","0,35 €","0,22 €","0,70 €","0,44 €","0,78 €","4,87 €","0,42 €","12,70 €","1,71 €","2,76 €","3,81 €","0,25 €","3,58 €","6,35 €","0,91 €","10.791,47 €","149,06 €","88,87 €","360,85 €","219,96 €","60,44 €","0,01 €","10,73 €","18,59 €","6,47 €","3,17 €","32,44 €","41,29 €","50,11 €","36,31 €","1.416,37 €","694,30 €","380,27 €","9,35 €","0,63 €","0,15 €","1,02 €","1,80 €","0,99 €","0,29 €","0,54 €","1,39 €","0,90 €","0,43 €","0,76 €","0,39 €","5,95 €","21.138,58 €","48,37 €","1.743,81 €"
"Jakarta, Indonesia","2,62 €","16,40 €","3,28 €","2,62 €","3,44 €","0,56 €","0,26 €","1,24 €","1,11 €","1,52 €","6,70 €","0,49 €","29,52 €","2,11 €","2,79 €","1,64 €","0,23 €","2,99 €","11,41 €","0,60 €","26.244,34 €","401,19 €","224,82 €","1.361,18 €","634,08 €","96,12 €","0,12 €","26,47 €","38,09 €","9,24 €","3,28 €","39,61 €","29,82 €","65,65 €","83,08 €","2.197,78 €","1.104,45 €","414,33 €","10,00 €","0,46 €","0,33 €","2,76 €","2,80 €","2,35 €","1,44 €","1,07 €","2,32 €","0,86 €","1,38 €","1,46 €","2,22 €","8,08 €","27.582,69 €","140,45 €","5.755,87 €"
"Alexandria, Egypt","2,81 €","14,06 €","3,38 €","1,69 €","2,81 €","0,32 €","0,19 €","0,81 €","0,51 €","1,02 €","3,68 €","0,26 €","7,03 €","1,31 €","1,97 €","2,25 €","0,23 €","4,07 €","8,44 €","0,39 €","23.626,73 €","142,04 €","84,65 €","285,82 €","169,03 €","18,56 €","0,01 €","16,57 €","19,58 €","7,52 €","3,66 €","32,34 €","40,48 €","114,49 €","49,58 €","672,49 €","291,12 €","163,94 €","16,17 €","0,34 €","0,14 €","2,25 €","1,48 €","0,40 €","0,37 €","0,20 €","1,45 €","0,66 €","0,39 €","0,66 €","0,31 €","8,37 €","23.071,86 €","55,41 €","2.132,54 €"
"Kuala Lumpur, Malaysia","2,87 €","16,60 €","3,32 €","3,32 €","4,42 €","0,59 €","0,34 €","1,45 €","0,74 €","1,19 €","9,39 €","0,52 €","15,48 €","2,03 €","2,94 €","3,85 €","0,55 €","2,64 €","22,11 €","0,47 €","33.823,90 €","478,24 €","273,76 €","845,42 €","450,90 €","48,02 €","0,06 €","26,76 €","38,52 €","6,40 €","3,98 €","49,78 €","28,57 €","62,03 €","59,53 €","2.759,98 €","1.362,08 €","923,24 €","4,60 €","0,66 €","0,44 €","5,53 €","2,41 €","1,90 €","0,73 €","0,88 €","2,53 €","1,05 €","1,11 €","1,34 €","0,74 €","7,35 €","25.033,13 €","167,18 €","6.040,38 €"
"Izmir, Turkey","3,06 €","12,22 €","3,06 €","2,29 €","2,75 €","0,61 €","0,22 €","0,65 €","0,38 €","1,51 €","4,97 €","0,29 €","6,11 €","1,63 €","2,09 €","2,29 €","0,46 €","3,05 €","22,92 €","1,04 €","24.443,15 €","212,22 €","128,36 €","353,76 €","225,34 €","51,07 €","0,09 €","12,89 €","20,64 €","11,67 €","3,06 €","33,20 €","22,48 €","52,74 €","42,20 €","856,54 €","508,14 €","392,07 €","22,23 €","0,61 €","0,57 €","3,51 €","0,77 €","0,73 €","0,52 €","0,57 €","1,56 €","1,31 €","0,70 €","1,78 €","0,58 €","8,61 €","20.898,83 €","212,18 €","4.948,41 €"
"Pune, India","3,16 €","12,66 €","3,16 €","2,28 €","3,54 €","0,44 €","0,18 €","0,63 €","0,44 €","0,85 €","5,77 €","0,37 €","7,59 €","1,62 €","2,61 €","3,80 €","0,25 €","3,01 €","12,66 €","1,00 €","11.390,48 €","205,68 €","127,68 €","400,17 €","259,74 €","26,65 €","0,01 €","11,70 €","16,08 €","5,09 €","3,54 €","34,41 €","31,74 €","46,57 €","37,77 €","1.491,93 €","808,94 €","531,09 €","9,27 €","0,63 €","0,23 €","1,27 €","2,05 €","1,09 €","0,33 €","0,56 €","1,61 €","0,70 €","0,48 €","0,68 €","0,37 €","4,74 €","21.438,90 €","71,29 €","1.467,45 €"
"Lima, Peru","3,26 €","21,71 €","4,21 €","1,90 €","2,71 €","0,69 €","0,48 €","1,26 €","1,44 €","1,73 €","6,94 €","0,90 €","9,50 €","1,50 €","2,80 €","3,66 €","0,41 €","4,30 €","23,20 €","1,04 €","15.479,65 €","435,67 €","279,01 €","847,79 €","560,23 €","63,97 €","0,17 €","34,82 €","48,84 €","11,07 €","5,43 €","42,44 €","30,68 €","68,69 €","69,89 €","1.589,12 €","1.179,83 €","439,49 €","8,95 €","1,97 €","1,36 €","5,43 €","1,62 €","0,98 €","0,94 €","0,72 €","2,14 €","0,96 €","1,15 €","1,16 €","0,96 €","7,21 €","16.586,24 €","222,68 €","5.049,27 €"
"Bogota, Colombia","3,30 €","19,24 €","4,40 €","0,96 €","2,20 €","0,68 €","0,55 €","0,76 €","0,81 €","1,36 €","3,19 €","0,77 €","8,24 €","0,76 €","1,55 €","1,65 €","0,66 €","3,19 €","32,98 €","0,68 €","16.488,60 €","341,45 €","245,33 €","608,02 €","431,88 €","76,59 €","0,05 €","29,06 €","23,80 €","8,00 €","3,85 €","48,26 €","31,90 €","69,88 €","66,61 €","1.708,68 €","1.364,64 €","306,08 €","11,48 €","1,24 €","1,37 €","5,50 €","1,83 €","0,76 €","0,62 €","0,69 €","1,18 €","0,82 €","0,95 €","0,71 €","0,74 €","4,31 €","19.255,63 €","223,12 €","5.386,28 €"
"Cairo, Egypt","3,38 €","17,48 €","4,51 €","1,69 €","2,82 €","0,29 €","0,18 €","0,84 €","0,51 €","1,04 €","3,16 €","0,29 €","10,72 €","1,40 €","2,06 €","2,26 €","0,28 €","4,18 €","11,28 €","0,45 €","25.098,60 €","188,00 €","109,76 €","352,74 €","229,29 €","25,79 €","0,01 €","14,77 €","26,19 €","7,07 €","4,51 €","42,38 €","44,32 €","114,98 €","56,92 €","695,67 €","407,03 €","221,70 €","13,42 €","0,39 €","0,17 €","1,13 €","1,31 €","0,39 €","0,47 €","0,28 €","1,65 €","0,65 €","0,35 €","0,66 €","0,34 €","8,06 €","21.020,29 €","121,15 €","2.781,29 €"
"Manila, Philippines","3,56 €","17,82 €","2,67 €","1,25 €","2,32 €","0,62 €","0,36 €","1,48 €","1,05 €","1,51 €","4,41 €","0,69 €","6,68 €","0,87 €","1,48 €","1,78 €","0,27 €","3,13 €","12,05 €","0,92 €","16.000,78 €","552,51 €","192,18 €","1.679,37 €","462,62 €","120,87 €","0,14 €","45,47 €","43,97 €","5,35 €","5,35 €","42,43 €","26,97 €","70,59 €","76,79 €","2.334,19 €","1.128,49 €","358,20 €","8,00 €","0,71 €","0,24 €","2,14 €","2,17 €","1,76 €","1,60 €","0,93 €","2,29 €","0,91 €","1,21 €","1,26 €","1,71 €","5,12 €","16.737,32 €","143,94 €","5.990,32 €"
"Sarajevo, Bosnia And Herzegovina","3,57 €","20,42 €","4,08 €","1,79 €","1,79 €","1,36 €","0,68 €","0,70 €","0,52 €","1,49 €","5,58 €","0,51 €","4,59 €","0,62 €","1,00 €","2,81 €","0,92 €","3,85 €","27,06 €","1,19 €","17.868,62 €","254,49 €","170,61 €","510,21 €","307,20 €","140,53 €","0,12 €","22,77 €","26,50 €","10,58 €","3,57 €","53,86 €","29,39 €","71,16 €","86,28 €","1.690,41 €","994,50 €","486,12 €","4,60 €","0,97 €","0,61 €","5,11 €","0,94 €","1,22 €","0,57 €","0,51 €","1,28 €","1,05 €","1,13 €","1,13 €","0,63 €","7,66 €","17.681,12 €","164,67 €","3.431,24 €"
"Banja Luka, Bosnia And Herzegovina","3,58 €","22,99 €","3,58 €","1,02 €","1,53 €","1,18 €","0,74 €","0,69 €","0,63 €","1,47 €","4,76 €","0,48 €","4,34 €","0,50 €","0,86 €","2,81 €","0,92 €","3,97 €","22,48 €","1,17 €","16.859,68 €","219,72 €","159,73 €","398,18 €","259,32 €","141,04 €","0,10 €","21,34 €","20,70 €","9,38 €","2,55 €","63,44 €","26,64 €","73,77 €","74,25 €","1.328,34 €","1.008,17 €","430,69 €","4,46 €","1,02 €","0,77 €","7,66 €","0,86 €","1,18 €","0,55 €","0,55 €","0,85 €","1,05 €","0,94 €","1,06 €","0,64 €","7,43 €","16.529,98 €","128,70 €","1.348,77 €"
"Tashkent, Uzbekistan","3,59 €","15,72 €","2,70 €","0,90 €","1,80 €","0,54 €","0,21 €","0,64 €","0,15 €","0,92 €","3,73 €","0,28 €","2,70 €","0,51 €","1,46 €","1,17 €","0,13 €","2,35 €","13,48 €","0,46 €","17.071,22 €","209,86 €","124,02 €","449,24 €","239,90 €","31,53 €","0,02 €","35,48 €","24,77 €","5,75 €","3,59 €","35,25 €","32,67 €","68,86 €","61,57 €","802,53 €","390,61 €","205,98 €","18,36 €","0,54 €","0,18 €","2,31 €","0,93 €","2,22 €","0,38 €","0,21 €","1,11 €","0,82 €","0,63 €","1,79 €","0,25 €","4,76 €","19.227,58 €","125,64 €","3.996,17 €"
"Quito, Ecuador","3,59 €","31,45 €","5,39 €","1,35 €","2,70 €","0,71 €","0,47 €","0,87 €","1,35 €","1,59 €","5,47 €","0,93 €","11,68 €","1,26 €","2,55 €","4,49 €","0,22 €","6,01 €","23,81 €","0,54 €","21.563,64 €","369,07 €","221,89 €","680,28 €","447,51 €","39,64 €","0,11 €","36,77 €","40,91 €","16,73 €","5,39 €","56,57 €","41,74 €","88,39 €","84,05 €","1.388,16 €","947,32 €","527,18 €","10,71 €","1,35 €","1,35 €","8,98 €","2,07 €","1,32 €","1,02 €","0,58 €","1,81 €","1,34 €","1,06 €","0,99 €","0,94 €","6,46 €","25.324,92 €","276,63 €","6.410,05 €"
"Taipei, Taiwan","3,61 €","24,04 €","3,91 €","1,77 €","2,10 €","0,80 €","0,59 €","2,64 €","1,63 €","2,24 €","17,00 €","1,12 €","13,52 €","1,41 €","2,09 €","3,31 €","0,60 €","7,79 €","38,47 €","0,88 €","27.049,67 €","487,78 €","323,83 €","1.084,45 €","730,68 €","68,80 €","0,13 €","20,55 €","40,35 €","12,08 €","9,02 €","60,58 €","31,00 €","78,11 €","105,25 €","11.375,12 €","6.378,89 €","1.340,77 €","1,90 €","2,10 €","0,75 €","7,06 €","4,43 €","2,53 €","2,58 €","1,39 €","2,64 €","3,05 €","2,96 €","1,93 €","2,04 €","18,99 €","20.708,03 €","464,55 €","10.610,54 €"
"Lviv, Ukraine","3,75 €","18,76 €","3,56 €","1,50 €","1,50 €","0,48 €","0,37 €","0,85 €","0,46 €","1,21 €","5,59 €","0,46 €","4,03 €","0,62 €","1,32 €","1,54 €","0,26 €","3,60 €","5,63 €","1,14 €","20.706,61 €","364,65 €","249,90 €","589,43 €","414,33 €","88,45 €","0,03 €","4,44 €","17,16 €","8,84 €","3,75 €","59,94 €","40,06 €","85,50 €","97,41 €","1.182,64 €","609,22 €","341,38 €","18,96 €","1,88 €","0,26 €","3,00 €","0,76 €","1,33 €","0,38 €","0,62 €","1,15 €","1,02 €","1,34 €","1,13 €","0,41 €","5,65 €","20.334,03 €","192,51 €","2.729,00 €"
"Noida, India","3,80 €","12,66 €","3,16 €","1,39 €","2,53 €","0,39 €","0,17 €","0,61 €","0,40 €","0,84 €","2,96 €","0,37 €","9,65 €","1,34 €","2,17 €","3,16 €","0,51 €","3,00 €","12,66 €","0,94 €","10.124,87 €","153,28 €","94,92 €","344,64 €","208,55 €","61,65 €","0,01 €","11,58 €","22,23 €","10,76 €","3,80 €","29,16 €","33,33 €","52,08 €","33,12 €","874,62 €","585,38 €","536,67 €","9,21 €","0,63 €","0,15 €","0,76 €","1,81 €","0,86 €","0,26 €","0,59 €","1,45 €","1,02 €","0,45 €","0,70 €","0,35 €","4,51 €","20.946,70 €","87,89 €","2.190,01 €"
"Delhi, India","3,80 €","15,19 €","3,16 €","1,90 €","3,10 €","0,42 €","0,19 €","0,64 €","0,40 €","0,87 €","4,22 €","0,37 €","9,49 €","1,36 €","2,39 €","3,80 €","0,38 €","3,35 €","12,66 €","0,94 €","10.124,87 €","200,32 €","123,19 €","491,27 €","291,67 €","51,68 €","0,01 €","9,76 €","21,35 €","7,29 €","3,80 €","30,56 €","33,54 €","47,87 €","37,65 €","1.783,51 €","857,45 €","473,80 €","9,23 €","0,63 €","0,19 €","0,76 €","1,63 €","0,76 €","0,29 €","0,43 €","1,64 €","0,79 €","0,45 €","0,67 €","0,34 €","5,19 €","21.350,29 €","68,71 €","1.674,83 €"
"Gurgaon, India","3,80 €","12,66 €","3,16 €","1,96 €","3,16 €","0,39 €","0,20 €","0,63 €","0,40 €","1,01 €","4,37 €","0,35 €","10,12 €","1,49 €","2,38 €","3,80 €","0,51 €","3,39 €","13,92 €","0,94 €","10.757,68 €","238,36 €","146,22 €","569,92 €","350,88 €","63,53 €","0,01 €","12,81 €","29,15 €","7,54 €","4,43 €","33,43 €","39,62 €","54,08 €","43,62 €","1.534,45 €","940,84 €","859,33 €","9,22 €","0,63 €","0,16 €","1,14 €","2,02 €","0,93 €","0,30 €","0,60 €","1,71 €","0,90 €","0,49 €","0,71 €","0,36 €","6,04 €","22.201,55 €","104,09 €","2.512,76 €"
"Mumbai, India","3,80 €","15,19 €","3,80 €","2,28 €","3,92 €","0,45 €","0,17 €","0,68 €","0,41 €","0,84 €","5,11 €","0,36 €","7,59 €","1,70 €","3,28 €","3,80 €","0,25 €","3,28 €","3,80 €","1,00 €","10.757,68 €","515,42 €","263,33 €","1.443,43 €","608,27 €","47,45 €","0,01 €","9,09 €","24,63 €","8,89 €","3,80 €","31,35 €","29,83 €","47,14 €","35,47 €","6.038,18 €","2.404,08 €","487,96 €","9,21 €","0,28 €","0,28 €","1,27 €","1,85 €","1,07 €","0,33 €","0,61 €","1,92 €","0,73 €","0,47 €","0,65 €","0,37 €","4,16 €","20.378,51 €","63,14 €","2.070,30 €"
"Bursa, Turkey","3,82 €","11,47 €","3,06 €","2,37 €","3,06 €","0,70 €","0,23 €","0,69 €","0,42 €","1,63 €","5,93 €","0,29 €","7,65 €","1,64 €","2,14 €","2,29 €","0,51 €","3,15 €","22,95 €","1,05 €","22.948,67 €","177,53 €","121,74 €","315,38 €","203,48 €","67,46 €","0,12 €","12,93 €","23,40 €","8,21 €","3,06 €","29,38 €","17,75 €","57,01 €","46,84 €","573,51 €","385,98 €","443,85 €","19,05 €","0,64 €","0,50 €","2,75 €","0,81 €","0,81 €","0,50 €","0,53 €","1,59 €","1,40 €","0,79 €","1,73 €","0,55 €","10,08 €","20.892,07 €","200,51 €","4.036,19 €"
"Ankara, Turkey","3,82 €","15,28 €","3,51 €","2,75 €","3,06 €","0,65 €","0,20 €","0,69 €","0,41 €","1,40 €","5,09 €","0,26 €","6,87 €","1,74 €","2,37 €","2,44 €","0,46 €","3,38 €","22,92 €","1,07 €","24.198,72 €","198,86 €","125,32 €","322,86 €","200,20 €","54,61 €","0,11 €","14,11 €","20,81 €","9,50 €","3,06 €","35,67 €","24,10 €","55,84 €","47,00 €","692,22 €","420,59 €","440,17 €","20,19 €","0,69 €","0,46 €","3,82 €","0,80 €","0,74 €","0,56 €","0,53 €","1,70 €","1,26 €","0,79 €","1,78 €","0,51 €","9,24 €","20.134,24 €","242,55 €","5.303,45 €"
"Beijing, China","3,91 €","26,04 €","4,56 €","1,95 €","3,06 €","0,47 €","0,30 €","1,70 €","1,60 €","1,68 €","15,07 €","0,56 €","13,02 €","0,69 €","1,89 €","2,60 €","0,52 €","3,15 €","24,74 €","0,93 €","18.230,92 €","946,89 €","575,19 €","1.986,46 €","1.223,57 €","55,03 €","0,03 €","12,43 €","42,04 €","15,95 €","6,51 €","61,02 €","32,26 €","69,56 €","89,59 €","13.398,23 €","6.701,37 €","1.137,26 €","5,14 €","1,69 €","0,30 €","5,21 €","1,70 €","1,60 €","0,69 €","0,62 €","3,99 €","1,13 €","1,05 €","1,28 €","0,67 €","7,69 €","15.336,76 €","625,68 €","20.125,06 €"
"Tirana, Albania","4,10 €","24,62 €","4,76 €","1,27 €","2,00 €","1,07 €","0,54 €","1,07 €","0,61 €","1,47 €","5,45 €","0,44 €","6,57 €","0,77 €","1,14 €","2,63 €","0,33 €","4,18 €","13,13 €","1,46 €","16.413,03 €","296,37 €","175,58 €","578,83 €","326,01 €","68,27 €","0,21 €","19,18 €","29,49 €","10,28 €","4,92 €","40,27 €","31,76 €","71,81 €","85,26 €","1.650,37 €","726,22 €","336,43 €","5,19 €","2,05 €","2,00 €","12,31 €","0,89 €","1,06 €","0,66 €","0,78 €","1,20 €","1,09 €","0,90 €","1,32 €","0,66 €","6,89 €","17.174,10 €","127,15 €","2.323,77 €"
"Nairobi, Kenya","4,43 €","26,58 €","6,20 €","2,04 €","2,66 €","0,53 €","0,45 €","0,94 €","0,52 €","1,55 €","7,57 €","1,11 €","8,86 €","1,86 €","2,55 €","2,22 €","0,71 €","6,07 €","26,58 €","0,99 €","14.620,32 €","383,88 €","170,65 €","832,14 €","403,17 €","46,90 €","0,03 €","51,91 €","45,40 €","6,81 €","7,09 €","22,49 €","23,63 €","54,02 €","46,33 €","2.703,78 €","727,85 €","327,85 €","13,86 €","2,22 €","1,77 €","1,77 €","2,37 €","1,75 €","1,23 €","0,74 €","2,27 €","1,67 €","1,20 €","1,06 €","1,03 €","4,60 €","13.240,85 €","176,06 €","9.069,26 €"
"Casablanca, Morocco","4,45 €","20,63 €","5,16 €","2,58 €","2,81 €","0,46 €","0,30 €","0,67 €","0,84 €","1,20 €","7,19 €","0,54 €","7,97 €","2,08 €","2,03 €","3,28 €","0,47 €","4,39 €","21,57 €","0,97 €","20.632,89 €","386,18 €","180,27 €","793,74 €","383,51 €","35,74 €","0,13 €","31,63 €","24,49 €","15,63 €","5,63 €","44,09 €","34,81 €","73,19 €","77,22 €","1.769,77 €","875,41 €","405,70 €","4,87 €","0,70 €","0,68 €","4,11 €","1,33 €","0,52 €","0,46 €","0,34 €","1,51 €","1,09 €","0,44 €","1,21 €","0,52 €","7,43 €","19.226,10 €","142,24 €","4.031,18 €"
"Kharkiv, Ukraine","4,50 €","18,76 €","3,75 €","0,88 €","1,29 €","0,38 €","0,29 €","0,85 €","0,41 €","1,00 €","6,47 €","0,40 €","3,75 €","0,66 €","1,18 €","1,43 €","0,30 €","3,48 €","11,42 €","1,09 €","22.507,19 €","346,56 €","217,86 €","615,91 €","392,63 €","117,46 €","0,03 €","5,57 €","18,58 €","8,27 €","3,75 €","64,99 €","42,65 €","90,65 €","105,76 €","961,38 €","525,36 €","337,40 €","19,10 €","1,50 €","0,26 €","3,38 €","0,56 €","1,08 €","0,38 €","0,68 €","1,03 €","0,97 €","0,95 €","0,98 €","0,39 €","4,84 €","21.067,14 €","176,48 €","2.033,83 €"
"Shanghai, China","4,56 €","26,04 €","4,56 €","1,30 €","2,93 €","0,56 €","0,33 €","2,39 €","1,76 €","2,30 €","13,48 €","0,61 €","15,63 €","0,66 €","2,01 €","2,73 €","0,52 €","4,40 €","26,04 €","0,92 €","18.230,92 €","970,31 €","477,33 €","2.220,70 €","1.159,18 €","51,70 €","0,03 €","14,26 €","44,90 €","11,80 €","7,81 €","60,73 €","33,00 €","82,77 €","97,81 €","12.057,49 €","6.130,48 €","1.111,52 €","5,08 €","1,82 €","0,39 €","4,69 €","2,19 €","2,08 €","1,00 €","0,58 €","3,82 €","1,13 €","1,33 €","1,56 €","1,01 €","12,53 €","17.412,39 €","676,74 €","22.470,47 €"
"Istanbul, Turkey","4,58 €","15,28 €","3,82 €","3,06 €","3,06 €","0,64 €","0,24 €","0,71 €","0,36 €","1,62 €","5,32 €","0,33 €","7,64 €","1,79 €","2,48 €","2,75 €","0,41 €","3,50 €","31,32 €","1,05 €","24.443,15 €","291,55 €","177,72 €","545,50 €","314,98 €","59,33 €","0,11 €","14,20 €","25,10 €","15,66 €","3,82 €","36,15 €","25,91 €","61,31 €","50,58 €","1.315,18 €","657,05 €","436,00 €","19,08 €","0,76 €","0,47 €","3,59 €","0,85 €","0,86 €","0,59 €","0,61 €","1,84 €","1,30 €","0,80 €","1,91 €","0,62 €","9,73 €","20.874,72 €","282,94 €","6.905,43 €"
"Tbilisi, Georgia","4,67 €","18,69 €","4,05 €","0,93 €","1,25 €","0,39 €","0,18 €","0,97 €","0,28 €","1,12 €","3,38 €","0,36 €","4,36 €","0,72 €","1,02 €","1,56 €","0,16 €","2,82 €","9,34 €","0,78 €","9.343,00 €","306,63 €","184,31 €","625,77 €","348,41 €","52,69 €","0,08 €","14,09 €","30,29 €","8,55 €","4,49 €","52,06 €","29,84 €","73,33 €","82,53 €","950,35 €","506,92 €","248,07 €","12,37 €","0,93 €","0,23 €","1,56 €","0,74 €","0,98 €","0,38 €","0,42 €","1,40 €","0,91 €","0,86 €","1,13 €","0,37 €","5,23 €","11.163,69 €","97,73 €","1.914,46 €"
"Chisinau, Moldova","4,67 €","20,74 €","4,15 €","1,04 €","1,43 €","0,64 €","0,44 €","0,68 €","0,33 €","1,11 €","5,79 €","0,59 €","3,61 €","0,77 €","1,38 €","1,56 €","0,10 €","3,55 €","9,33 €","0,98 €","16.335,12 €","244,49 €","177,96 €","428,67 €","330,84 €","113,46 €","0,07 €","8,58 €","26,64 €","12,10 €","5,19 €","56,54 €","35,37 €","86,25 €","94,38 €","904,82 €","589,13 €","286,95 €","9,42 €","1,30 €","0,18 €","3,11 €","0,70 €","1,22 €","0,56 €","0,84 €","1,25 €","0,93 €","1,56 €","1,37 €","0,59 €","5,37 €","17.238,13 €","210,52 €","2.679,30 €"
"Yerevan, Armenia","4,70 €","22,54 €","4,60 €","1,13 €","1,69 €","0,60 €","0,34 €","0,82 €","0,43 €","1,44 €","4,29 €","0,44 €","5,64 €","0,75 €","1,23 €","1,13 €","0,19 €","4,17 €","11,27 €","0,83 €","16.043,44 €","320,04 €","170,55 €","664,25 €","313,63 €","60,06 €","0,03 €","14,09 €","43,14 €","11,31 €","4,70 €","51,80 €","37,56 €","73,47 €","69,20 €","1.383,05 €","714,57 €","295,66 €","11,59 €","1,13 €","0,19 €","2,25 €","0,90 €","1,07 €","0,44 €","0,37 €","1,95 €","1,08 €","0,71 €","1,20 €","0,50 €","5,96 €","19.843,59 €","141,66 €","3.020,37 €"
"Lodz, Poland","4,72 €","23,61 €","4,25 €","1,77 €","1,65 €","0,99 €","0,79 €","0,55 €","0,61 €","1,76 €","5,53 €","0,44 €","4,72 €","0,69 €","1,00 €","3,78 €","0,66 €","3,77 €","21,25 €","1,17 €","18.558,88 €","362,66 €","280,88 €","593,51 €","473,31 €","172,01 €","0,06 €","12,53 €","26,35 €","10,48 €","5,90 €","57,47 €","26,98 €","63,26 €","63,83 €","1.351,78 €","1.069,61 €","689,44 €","3,77 €","1,42 €","0,47 €","8,50 €","0,66 €","1,07 €","0,49 €","0,70 €","1,73 €","0,82 €","1,35 €","0,98 €","0,82 €","7,20 €","17.681,61 €","230,29 €","3.407,97 €"
"Almaty, Kazakhstan","4,77 €","23,84 €","3,81 €","1,07 €","1,43 €","0,40 €","0,31 €","0,75 €","0,24 €","0,90 €","5,87 €","0,42 €","4,77 €","0,56 €","1,10 €","0,95 €","0,19 €","3,12 €","17,16 €","0,39 €","15.494,56 €","288,22 €","178,04 €","565,15 €","357,57 €","58,48 €","0,03 €","10,47 €","39,41 €","9,43 €","3,58 €","44,78 €","38,14 €","74,49 €","86,52 €","1.119,15 €","691,71 €","374,42 €","15,40 €","0,95 €","0,35 €","2,62 €","1,04 €","1,40 €","0,37 €","1,25 €","1,78 €","0,80 €","1,09 €","1,23 €","0,28 €","5,49 €","17.285,46 €","153,08 €","4.428,44 €"
"Mexico City, Mexico","4,77 €","23,86 €","4,77 €","1,91 €","2,86 €","0,61 €","0,47 €","0,91 €","1,44 €","1,36 €","4,93 €","0,66 €","7,16 €","1,08 €","2,15 €","2,48 €","0,29 €","4,41 €","14,32 €","0,98 €","16.702,48 €","550,18 €","342,38 €","1.139,78 €","734,62 €","30,09 €","0,06 €","26,34 €","49,56 €","16,17 €","3,82 €","41,62 €","32,29 €","73,85 €","72,78 €","2.188,90 €","1.438,46 €","596,30 €","11,28 €","0,62 €","0,29 €","4,94 €","1,93 €","0,82 €","1,07 €","0,76 €","2,00 €","0,95 €","1,05 €","0,95 €","1,13 €","6,90 €","14.844,85 €","211,05 €","4.721,73 €"
"Novi Sad, Serbia","4,84 €","17,85 €","4,42 €","1,50 €","1,80 €","1,15 €","0,78 €","0,76 €","0,43 €","1,24 €","4,62 €","0,43 €","4,04 €","0,56 €","0,99 €","2,72 €","0,55 €","4,30 €","20,00 €","1,34 €","20.402,08 €","262,40 €","195,75 €","451,15 €","302,16 €","122,93 €","0,09 €","19,30 €","22,89 €","6,02 €","3,40 €","61,05 €","31,26 €","71,99 €","82,88 €","1.569,73 €","1.090,36 €","439,58 €","3,49 €","0,85 €","0,48 €","4,25 €","0,71 €","1,09 €","0,49 €","0,39 €","1,11 €","1,03 €","0,88 €","1,10 €","0,51 €","5,87 €","17.816,21 €","167,10 €","2.644,23 €"
"Skopje, Macedonia","4,87 €","16,25 €","3,25 €","1,62 €","1,95 €","1,27 €","0,76 €","0,84 €","0,47 €","1,38 €","5,33 €","0,43 €","4,87 €","0,73 €","0,93 €","2,27 €","0,57 €","4,58 €","24,37 €","1,10 €","16.978,82 €","233,43 €","168,07 €","418,35 €","296,24 €","107,26 €","0,10 €","15,11 €","22,03 €","8,51 €","4,06 €","48,85 €","27,86 €","66,37 €","73,57 €","1.227,84 €","881,05 €","393,01 €","5,52 €","0,65 €","0,41 €","4,87 €","0,73 €","0,87 €","0,50 €","0,35 €","1,37 €","1,05 €","0,88 €","0,94 €","0,54 €","6,60 €","17.796,64 €","167,42 €","3.238,83 €"
"Podgorica, Montenegro","5,00 €","25,00 €","3,00 €","1,50 €","1,90 €","1,68 €","1,04 €","0,79 €","0,53 €","1,42 €","4,89 €","0,70 €","4,00 €","0,96 €","1,46 €","3,20 €","0,90 €","5,17 €","25,00 €","1,34 €","16.990,00 €","307,27 €","222,86 €","553,57 €","389,50 €","103,09 €","0,13 €","23,52 €","30,00 €","10,00 €","5,00 €","56,90 €","31,14 €","72,86 €","83,54 €","1.337,62 €","1.036,79 €","484,81 €","6,55 €","1,00 €","0,50 €","6,00 €","0,70 €","1,10 €","0,54 €","0,90 €","1,45 €","1,12 €","1,18 €","1,13 €","0,72 €","7,58 €","17.648,57 €","133,33 €","8.400,00 €"
"Santo Domingo, Dominican Republic","5,10 €","34,01 €","5,10 €","1,70 €","2,55 €","0,79 €","0,46 €","1,03 €","1,23 €","1,64 €","6,01 €","1,17 €","10,20 €","1,87 €","2,77 €","3,40 €","0,43 €","4,47 €","34,01 €","1,05 €","20.780,40 €","381,17 €","203,64 €","754,18 €","359,54 €","53,67 €","0,15 €","50,03 €","22,49 €","13,09 €","5,10 €","43,59 €","45,87 €","73,90 €","79,85 €","1.203,97 €","672,98 €","335,33 €","12,38 €","3,40 €","2,55 €","3,40 €","1,75 €","1,33 €","1,23 €","0,96 €","1,51 €","0,93 €","1,02 €","0,63 €","1,59 €","6,78 €","20.430,09 €","152,38 €","5.318,02 €"
"Plovdiv, Bulgaria","5,10 €","20,42 €","4,59 €","1,28 €","1,53 €","0,95 €","0,64 €","1,03 €","0,56 €","1,53 €","5,03 €","0,50 €","5,10 €","0,62 €","1,02 €","2,81 €","0,51 €","4,73 €","20,42 €","1,15 €","17.863,74 €","240,77 €","179,23 €","412,10 €","290,70 €","79,71 €","0,14 €","11,57 €","24,85 €","11,18 €","5,61 €","42,91 €","24,77 €","69,62 €","66,04 €","950,91 €","693,33 €","514,73 €","4,11 €","0,50 €","0,43 €","6,12 €","0,89 €","1,16 €","0,55 €","0,42 €","1,27 €","1,08 €","1,32 €","1,30 €","0,64 €","6,03 €","17.879,91 €","225,80 €","3.725,87 €"
"Cluj-Napoca, Romania","5,23 €","23,00 €","4,18 €","1,57 €","2,09 €","1,14 €","1,00 €","0,98 €","0,64 €","2,01 €","5,55 €","0,54 €","4,18 €","0,73 €","1,27 €","3,87 €","0,52 €","4,22 €","14,64 €","1,21 €","15.681,10 €","387,79 €","284,75 €","698,74 €","497,97 €","91,85 €","0,07 €","7,34 €","26,21 €","11,89 €","5,23 €","49,15 €","29,63 €","63,06 €","69,49 €","1.900,75 €","1.409,13 €","642,86 €","5,40 €","0,52 €","0,48 €","4,75 €","0,72 €","0,97 €","0,50 €","0,57 €","1,60 €","0,89 €","1,16 €","1,05 €","0,53 €","6,32 €","16.513,42 €","262,05 €","4.327,18 €"
"Timisoara, Romania","5,23 €","20,91 €","4,18 €","1,25 €","1,67 €","0,99 €","0,83 €","0,92 €","0,68 €","2,11 €","4,33 €","0,49 €","4,18 €","0,68 €","1,11 €","3,61 €","0,52 €","4,06 €","18,82 €","1,19 €","15.960,00 €","287,68 €","217,44 €","531,19 €","385,53 €","95,29 €","0,03 €","7,53 €","25,30 €","10,45 €","5,23 €","45,43 €","25,72 €","60,43 €","71,72 €","1.376,56 €","1.053,88 €","613,27 €","5,15 €","0,52 €","0,52 €","5,02 €","0,74 €","0,96 €","0,50 €","0,56 €","1,42 €","0,89 €","1,06 €","1,07 €","0,50 €","7,42 €","16.218,73 €","256,78 €","3.668,81 €"
"Iasi, Romania","5,23 €","20,93 €","4,19 €","1,26 €","1,88 €","1,16 €","0,92 €","0,90 €","0,54 €","1,97 €","4,74 €","0,53 €","4,19 €","0,81 €","1,30 €","3,77 €","0,52 €","4,21 €","16,74 €","1,19 €","15.697,62 €","272,07 €","202,65 €","479,23 €","338,90 €","115,11 €","0,07 €","6,80 €","28,32 €","8,57 €","5,02 €","52,92 €","31,39 €","56,20 €","63,36 €","1.293,58 €","882,21 €","529,52 €","5,14 €","0,52 €","0,52 €","5,23 €","0,76 €","1,02 €","0,53 €","0,57 €","1,48 €","0,95 €","1,08 €","1,08 €","0,63 €","6,17 €","16.999,32 €","216,07 €","3.218,01 €"
"Guadalajara, Mexico","5,25 €","23,86 €","4,25 €","1,43 €","2,39 €","0,66 €","0,51 €","0,87 €","1,35 €","1,25 €","4,09 €","0,73 €","7,16 €","0,82 €","1,48 €","2,48 €","0,43 €","4,65 €","18,67 €","1,00 €","16.535,22 €","309,42 €","186,98 €","634,96 €","388,33 €","22,64 €","0,06 €","27,53 €","24,59 €","9,71 €","3,58 €","40,80 €","29,70 €","68,04 €","57,71 €","1.016,15 €","922,24 €","498,68 €","11,24 €","1,43 €","0,46 €","7,16 €","1,96 €","1,02 €","1,00 €","0,73 €","1,99 €","1,04 €","0,98 €","0,94 €","1,03 €","6,88 €","15.579,09 €","145,75 €","2.826,61 €"
"Baku, Azerbaijan","5,27 €","23,73 €","4,22 €","0,84 €","2,11 €","0,37 €","0,21 €","0,83 €","0,26 €","1,03 €","3,54 €","0,43 €","4,75 €","0,76 €","1,94 €","2,11 €","0,16 €","2,92 €","9,63 €","0,49 €","15.558,40 €","290,07 €","157,97 €","608,91 €","299,45 €","42,65 €","0,03 €","15,51 €","30,43 €","16,73 €","3,69 €","43,59 €","40,16 €","93,36 €","76,12 €","1.307,40 €","647,53 €","294,03 €","8,21 €","0,84 €","0,32 €","1,58 €","0,69 €","1,26 €","0,46 €","0,42 €","2,15 €","1,05 €","0,83 €","1,22 €","0,39 €","6,15 €","18.564,59 €","208,84 €","5.657,01 €"
"Belgrade, Serbia","5,39 €","24,62 €","5,09 €","1,70 €","1,95 €","1,34 €","0,92 €","0,79 €","0,42 €","1,37 €","5,03 €","0,43 €","4,24 €","0,61 €","1,10 €","2,80 €","0,76 €","4,51 €","27,17 €","1,35 €","17.828,77 €","341,08 €","216,64 €","652,24 €","395,57 €","135,76 €","0,10 €","21,45 €","24,61 €","12,13 €","4,24 €","65,50 €","27,28 €","74,80 €","92,13 €","2.502,53 €","1.345,89 €","437,24 €","3,99 €","1,44 €","0,55 €","6,37 €","0,72 €","1,03 €","0,52 €","0,38 €","1,41 €","1,09 €","1,02 €","0,98 €","0,50 €","6,65 €","17.474,32 €","245,94 €","4.803,12 €"
"Kiev, Ukraine","5,63 €","22,51 €","3,75 €","1,13 €","1,80 €","0,58 €","0,45 €","0,93 €","0,58 €","1,13 €","7,07 €","0,49 €","3,75 €","0,75 €","1,32 €","1,65 €","0,30 €","3,92 €","12,19 €","1,12 €","21.608,29 €","589,81 €","340,80 €","988,82 €","560,35 €","98,74 €","0,04 €","5,11 €","20,92 €","11,48 €","4,31 €","64,03 €","40,73 €","98,26 €","110,43 €","1.652,80 €","802,55 €","516,75 €","19,52 €","1,69 €","0,26 €","3,00 €","0,59 €","1,11 €","0,50 €","0,85 €","1,17 €","1,04 €","1,57 €","1,06 €","0,55 €","5,65 €","20.758,91 €","254,74 €","7.483,60 €"
"Odessa, Ukraine","5,65 €","20,67 €","3,67 €","0,94 €","1,20 €","0,57 €","0,42 €","0,97 €","0,45 €","1,18 €","6,61 €","0,48 €","3,01 €","0,68 €","1,37 €","1,51 €","0,26 €","3,92 €","6,77 €","1,09 €","21.584,23 €","344,01 €","232,04 €","599,79 €","405,27 €","94,58 €","0,03 €","5,73 €","20,84 €","9,45 €","4,52 €","74,37 €","50,34 €","97,01 €","107,27 €","1.107,23 €","645,76 €","360,47 €","19,00 €","1,88 €","0,26 €","4,52 €","0,65 €","1,36 €","0,46 €","0,82 €","1,19 €","0,97 €","1,35 €","1,05 €","0,47 €","5,65 €","21.373,22 €","210,98 €","2.358,66 €"
"Novosibirsk, Russia","5,72 €","22,01 €","3,67 €","1,10 €","2,20 €","0,69 €","0,52 €","0,85 €","0,49 €","1,00 €","7,30 €","0,50 €","5,87 €","0,90 €","1,50 €","1,91 €","0,32 €","3,88 €","11,01 €","0,64 €","18.196,16 €","344,85 €","225,13 €","635,89 €","406,41 €","94,51 €","0,03 €","7,96 €","27,49 €","17,31 €","4,40 €","65,73 €","43,52 €","82,60 €","82,09 €","1.273,80 €","788,31 €","436,28 €","10,79 €","1,58 €","0,15 €","4,40 €","1,48 €","1,26 €","0,37 €","0,63 €","1,88 €","0,95 €","1,80 €","1,10 €","0,36 €","7,20 €","18.129,31 €","222,83 €","2.474,58 €"
"Monterrey, Mexico","5,75 €","23,94 €","4,31 €","1,68 €","2,39 €","0,69 €","0,54 €","0,91 €","1,51 €","1,60 €","5,20 €","0,79 €","9,58 €","0,94 €","1,41 €","2,49 €","0,57 €","4,72 €","17,96 €","0,97 €","16.424,20 €","342,55 €","207,90 €","757,86 €","461,34 €","49,81 €","0,05 €","25,84 €","34,28 €","10,37 €","3,59 €","40,51 €","28,55 €","66,70 €","61,59 €","1.021,06 €","632,67 €","695,46 €","10,25 €","0,67 €","0,38 €","7,18 €","2,14 €","1,01 €","1,21 €","0,79 €","2,28 €","0,87 €","1,23 €","0,88 €","1,44 €","6,01 €","14.421,34 €","198,98 €","4.080,55 €"
"Hong Kong, Hong Kong","5,78 €","46,26 €","4,05 €","5,78 €","5,78 €","1,01 €","0,90 €","2,54 €","1,84 €","2,75 €","19,15 €","1,57 €","13,88 €","1,54 €","2,18 €","6,82 €","1,16 €","9,24 €","56,96 €","1,96 €","28.915,30 €","2.041,88 €","1.405,71 €","4.516,75 €","2.823,07 €","176,27 €","0,08 €","21,61 €","68,37 €","7,45 €","11,57 €","70,72 €","30,29 €","79,41 €","115,84 €","27.720,21 €","17.532,98 €","2.387,66 €","2,56 €","2,78 €","0,98 €","11,80 €","3,07 €","2,73 €","2,09 €","1,36 €","4,15 €","1,82 €","2,82 €","2,06 €","2,13 €","14,93 €","25.340,81 €","640,36 €","16.701,41 €"
"Yekaterinburg, Russia","5,88 €","29,42 €","4,12 €","1,47 €","2,94 €","0,77 €","0,53 €","0,75 €","0,43 €","0,92 €","6,29 €","0,46 €","6,99 €","0,86 €","1,33 €","1,91 €","0,41 €","3,87 €","29,42 €","0,65 €","19.857,48 €","332,66 €","232,83 €","549,90 €","394,59 €","113,13 €","0,02 €","7,61 €","35,51 €","16,31 €","3,68 €","62,56 €","38,29 €","74,23 €","91,27 €","1.412,29 €","955,57 €","537,99 €","10,56 €","1,47 €","0,21 €","3,53 €","1,29 €","1,21 €","0,43 €","0,52 €","1,65 €","0,83 €","1,31 €","0,97 €","0,41 €","6,79 €","18.832,10 €","199,74 €","3.166,47 €"
"Poznan, Poland","5,90 €","23,61 €","4,72 €","2,01 €","2,36 €","0,92 €","0,71 €","0,63 €","0,70 €","1,87 €","5,60 €","0,39 €","4,72 €","0,72 €","1,00 €","3,74 €","0,94 €","3,61 €","26,70 €","1,20 €","18.558,88 €","443,21 €","351,37 €","742,09 €","582,42 €","155,60 €","0,06 €","11,62 €","22,13 €","11,00 €","5,90 €","72,06 €","30,29 €","63,96 €","76,16 €","2.021,62 €","1.409,71 €","791,94 €","4,03 €","1,42 €","0,57 €","7,08 €","0,69 €","1,11 €","0,53 €","0,71 €","2,06 €","0,72 €","1,43 €","0,96 €","0,67 €","7,11 €","17.368,45 €","197,95 €","3.659,83 €"
"Wroclaw, Poland","5,91 €","25,99 €","4,72 €","1,89 €","2,36 €","0,97 €","0,75 €","0,56 €","0,75 €","1,90 €","5,91 €","0,45 €","5,91 €","0,72 €","0,96 €","3,78 €","0,80 €","4,01 €","21,26 €","1,19 €","16.772,88 €","517,55 €","411,50 €","843,34 €","642,74 €","162,51 €","0,06 €","12,26 €","22,14 €","12,26 €","5,91 €","63,32 €","30,61 €","64,57 €","77,59 €","2.135,98 €","1.530,15 €","848,11 €","3,71 €","1,42 €","0,59 €","5,91 €","0,68 €","1,15 €","0,54 €","0,79 €","2,12 €","0,83 €","1,46 €","1,06 €","0,66 €","8,20 €","18.141,80 €","255,31 €","6.726,13 €"
"Krakow (Cracow), Poland","5,91 €","23,62 €","4,72 €","2,13 €","2,36 €","1,09 €","0,96 €","0,61 €","0,76 €","1,67 €","5,51 €","0,47 €","5,91 €","0,77 €","1,20 €","3,78 €","0,90 €","3,99 €","25,04 €","1,20 €","18.568,29 €","513,06 €","392,83 €","897,17 €","626,23 €","173,28 €","0,05 €","12,75 €","23,27 €","10,35 €","5,91 €","56,98 €","27,82 €","60,83 €","69,58 €","2.664,65 €","1.775,17 €","855,87 €","4,07 €","1,65 €","0,54 €","8,27 €","0,76 €","1,17 €","0,58 €","0,72 €","2,05 €","0,82 €","1,49 €","1,08 €","0,68 €","8,05 €","18.145,28 €","195,09 €","6.511,18 €"
"Gdansk, Poland","5,91 €","23,62 €","4,25 €","2,13 €","2,36 €","1,10 €","0,90 €","0,59 €","0,67 €","1,97 €","5,75 €","0,45 €","4,72 €","0,76 €","1,16 €","3,78 €","0,76 €","3,91 €","22,21 €","1,19 €","18.568,29 €","515,00 €","380,61 €","840,83 €","612,47 €","169,90 €","0,07 €","12,32 €","28,79 €","11,36 €","5,20 €","66,10 €","29,86 €","70,49 €","80,90 €","2.602,99 €","1.639,29 €","865,09 €","4,13 €","1,65 €","0,57 €","8,50 €","0,78 €","1,09 €","0,52 €","0,72 €","2,15 €","0,84 €","1,33 €","1,03 €","0,58 €","7,57 €","17.406,43 €","189,82 €","3.593,18 €"
"Warsaw, Poland","5,91 €","28,35 €","4,72 €","2,36 €","2,36 €","0,99 €","0,80 €","0,63 €","0,76 €","1,86 €","6,61 €","0,50 €","5,91 €","0,78 €","1,14 €","3,90 €","1,04 €","4,27 €","25,99 €","1,19 €","18.568,29 €","616,05 €","467,73 €","1.071,69 €","789,88 €","147,35 €","0,06 €","12,70 €","25,97 €","14,40 €","7,09 €","66,64 €","35,36 €","71,72 €","85,27 €","3.273,89 €","2.125,57 €","979,42 €","4,05 €","1,89 €","0,57 €","9,45 €","0,73 €","1,21 €","0,62 €","0,81 €","2,49 €","0,87 €","1,50 €","1,07 €","0,66 €","9,74 €","18.629,93 €","327,54 €","7.943,07 €"
"Brno, Czech Republic","5,95 €","25,19 €","5,16 €","1,39 €","1,59 €","1,19 €","0,89 €","0,71 €","0,89 €","1,65 €","7,35 €","0,53 €","4,76 €","0,61 €","1,04 €","4,17 €","0,99 €","5,83 €","21,82 €","1,29 €","17.851,84 €","558,68 €","439,63 €","948,79 €","715,40 €","145,16 €","0,13 €","17,58 €","29,98 €","9,08 €","7,62 €","58,75 €","30,91 €","71,83 €","78,65 €","2.739,92 €","2.039,24 €","1.022,13 €","2,74 €","2,38 €","1,19 €","10,71 €","1,19 €","1,34 €","0,75 €","0,83 €","1,88 €","1,42 €","2,01 €","1,20 €","0,71 €","9,85 €","19.466,46 €","332,95 €","5.549,50 €"
"Prague, Czech Republic","5,95 €","29,75 €","5,55 €","1,59 €","1,98 €","1,24 €","0,92 €","0,77 €","0,98 €","1,70 €","8,05 €","0,53 €","5,16 €","0,66 €","1,26 €","4,05 €","0,95 €","6,07 €","21,82 €","1,29 €","17.812,17 €","805,86 €","593,84 €","1.294,80 €","908,64 €","177,27 €","0,13 €","19,95 €","34,67 €","12,47 €","7,93 €","71,75 €","33,18 €","72,06 €","90,95 €","4.972,45 €","3.474,20 €","1.183,75 €","2,71 €","1,59 €","1,11 €","14,28 €","1,25 €","1,41 €","0,92 €","0,99 €","2,17 €","1,42 €","1,79 €","1,22 €","0,86 €","9,25 €","17.568,31 €","480,35 €","8.672,30 €"
"Budapest, Hungary","5,99 €","29,96 €","4,79 €","1,50 €","1,80 €","1,01 €","0,82 €","0,70 €","0,69 €","1,49 €","5,67 €","0,34 €","4,04 €","0,78 €","1,08 €","4,04 €","1,05 €","4,37 €","28,46 €","1,19 €","17.376,41 €","480,55 €","356,04 €","920,02 €","635,08 €","147,94 €","0,08 €","13,06 €","37,85 €","12,39 €","5,39 €","58,08 €","27,52 €","68,09 €","78,72 €","2.913,16 €","1.908,92 €","755,32 €","4,82 €","2,10 €","0,90 €","13,48 €","1,03 €","1,16 €","0,83 €","0,94 €","1,41 €","1,02 €","1,78 €","1,28 €","0,89 €","7,62 €","18.153,92 €","273,30 €","6.677,13 €"
"Buenos Aires, Argentina","5,99 €","20,97 €","4,94 €","1,50 €","1,95 €","0,94 €","0,73 €","0,81 €","1,10 €","1,35 €","5,74 €","0,85 €","3,00 €","0,99 €","1,51 €","1,62 €","0,30 €","3,69 €","10,78 €","0,79 €","16.200,77 €","245,13 €","197,02 €","436,43 €","334,47 €","68,07 €","0,13 €","24,79 €","25,90 €","9,29 €","5,99 €","49,47 €","39,77 €","65,38 €","65,54 €","2.865,01 €","2.208,84 €","483,99 €","48,69 €","0,72 €","0,34 €","4,12 €","1,02 €","0,54 €","0,53 €","0,77 €","1,46 €","0,77 €","1,02 €","1,13 €","0,74 €","4,71 €","16.555,15 €","162,72 €","3.114,28 €"
"Bratislava, Slovakia","6,00 €","30,00 €","6,00 €","2,00 €","2,00 €","1,62 €","1,25 €","0,76 €","0,96 €","1,92 €","7,54 €","0,59 €","5,00 €","0,72 €","1,27 €","3,85 €","0,90 €","5,33 €","27,00 €","1,33 €","16.000,00 €","635,45 €","486,91 €","1.055,77 €","794,00 €","180,44 €","0,09 €","15,69 €","26,77 €","12,32 €","7,99 €","61,69 €","26,40 €","64,30 €","76,50 €","3.178,46 €","2.339,13 €","1.059,38 €","1,58 €","3,00 €","0,82 €","15,00 €","1,57 €","1,47 €","0,86 €","0,95 €","2,09 €","1,13 €","2,32 €","1,56 €","0,88 €","8,59 €","15.734,55 €","400,40 €","8.060,00 €"
"Kaunas, Lithuania","6,00 €","30,00 €","5,00 €","2,70 €","3,00 €","1,31 €","1,11 €","0,85 €","1,13 €","1,53 €","7,12 €","0,76 €","7,50 €","1,22 €","1,71 €","3,75 €","1,00 €","5,07 €","28,00 €","1,18 €","18.000,00 €","359,31 €","246,21 €","616,67 €","396,00 €","122,48 €","0,06 €","10,14 €","27,64 €","18,07 €","7,00 €","69,40 €","30,12 €","71,96 €","96,00 €","1.983,00 €","1.235,42 €","771,00 €","2,48 €","0,80 €","0,55 €","8,50 €","0,88 €","1,32 €","0,46 €","1,17 €","2,12 €","1,12 €","1,61 €","1,03 €","0,48 €","7,12 €","18.406,01 €","308,57 €","6.000,00 €"
"Abu Dhabi, United Arab Emirates","6,12 €","48,92 €","6,24 €","9,78 €","9,78 €","0,80 €","0,29 €","1,53 €","1,20 €","2,29 €","8,56 €","0,62 €","17,12 €","2,97 €","2,80 €","5,14 €","0,49 €","5,73 €","19,57 €","0,54 €","20.179,96 €","1.167,16 €","888,13 €","2.308,39 €","1.770,69 €","116,51 €","0,13 €","93,29 €","73,81 €","26,32 €","9,78 €","57,76 €","44,76 €","79,53 €","80,32 €","3.137,18 €","2.577,28 €","2.369,85 €","4,07 €","2,94 €","0,46 €","7,34 €","2,19 €","1,84 €","0,97 €","1,58 €","4,59 €","1,53 €","1,65 €","1,88 €","0,92 €","10,41 €","16.818,27 €","532,13 €","9.480,36 €"
"Varna, Bulgaria","6,12 €","20,42 €","4,08 €","1,02 €","1,53 €","0,87 €","0,54 €","1,02 €","0,51 €","1,50 €","4,91 €","0,47 €","4,59 €","0,60 €","0,99 €","2,81 €","0,51 €","4,50 €","20,42 €","1,12 €","18.374,14 €","235,36 €","170,63 €","440,04 €","305,21 €","75,54 €","0,13 €","11,20 €","22,19 €","10,43 €","6,12 €","38,91 €","25,60 €","58,15 €","63,31 €","1.016,49 €","682,83 €","511,50 €","4,28 €","0,56 €","0,45 €","7,66 €","1,01 €","1,15 €","0,52 €","0,62 €","1,23 €","1,05 €","1,27 €","1,39 €","0,54 €","7,40 €","17.065,34 €","263,81 €","3.585,51 €"
"Sofia, Bulgaria","6,14 €","25,57 €","4,60 €","1,53 €","1,97 €","0,84 €","0,59 €","1,04 €","0,56 €","1,73 €","5,99 €","0,54 €","4,60 €","0,70 €","1,29 €","2,86 €","0,82 €","5,01 €","25,57 €","1,16 €","19.518,73 €","370,72 €","285,96 €","665,27 €","479,09 €","89,74 €","0,15 €","10,38 €","24,34 €","11,08 €","6,14 €","55,98 €","27,08 €","67,24 €","71,30 €","1.560,46 €","1.049,71 €","708,65 €","3,51 €","0,41 €","0,41 €","6,75 €","1,01 €","1,16 €","0,61 €","0,64 €","1,25 €","1,08 €","1,41 €","1,28 €","0,59 €","7,33 €","18.183,20 €","325,23 €","4.753,12 €"
"Doha, Qatar","6,18 €","49,47 €","6,18 €","11,13 €","11,13 €","0,65 €","0,28 €","1,62 €","1,40 €","2,53 €","8,09 €","0,51 €","28,32 €","7,58 €","8,42 €","5,19 €","0,74 €","6,07 €","37,00 €","0,48 €","17.315,57 €","1.320,12 €","874,29 €","2.500,00 €","1.729,62 €","64,59 €","0,15 €","78,31 €","95,89 €","24,29 €","8,66 €","55,34 €","46,12 €","83,76 €","78,59 €","3.986,95 €","2.696,24 €","2.827,76 €","4,80 €","2,47 €","0,47 €","7,92 €","1,80 €","1,42 €","0,99 €","1,48 €","4,62 €","1,43 €","1,60 €","1,40 €","0,77 €","8,98 €","16.539,84 €","537,35 €","8.918,89 €"
"Brasov, Romania","6,27 €","20,91 €","4,18 €","1,25 €","1,88 €","1,07 €","0,90 €","0,91 €","0,57 €","1,87 €","5,78 €","0,47 €","4,18 €","0,59 €","1,01 €","3,71 €","0,52 €","3,97 €","17,77 €","1,20 €","15.960,00 €","304,39 €","228,70 €","468,59 €","359,43 €","100,39 €","0,02 €","7,53 €","29,81 €","9,20 €","6,27 €","46,69 €","32,20 €","56,44 €","63,31 €","1.277,19 €","979,61 €","554,56 €","4,70 €","0,42 €","0,43 €","4,18 €","0,68 €","1,00 €","0,48 €","0,50 €","1,41 €","1,07 €","1,05 €","1,07 €","0,54 €","6,97 €","17.335,45 €","225,24 €","4.127,26 €"
"Bucharest, Romania","6,28 €","27,21 €","4,19 €","1,78 €","2,09 €","1,39 €","1,22 €","1,02 €","0,58 €","2,07 €","5,25 €","0,51 €","4,60 €","0,72 €","1,23 €","3,98 €","0,27 €","4,48 €","10,47 €","1,20 €","16.534,62 €","401,41 €","268,02 €","670,59 €","441,78 €","89,13 €","0,07 €","8,47 €","35,84 €","13,26 €","6,28 €","59,55 €","30,88 €","64,38 €","73,59 €","1.786,57 €","1.087,44 €","658,66 €","6,32 €","0,42 €","0,42 €","3,98 €","0,90 €","1,06 €","0,68 €","0,60 €","1,87 €","1,09 €","1,23 €","1,20 €","0,71 €","6,88 €","18.299,48 €","321,02 €","6.232,03 €"
"San Jose, Costa Rica","6,29 €","42,47 €","6,29 €","2,36 €","3,81 €","1,37 €","1,18 €","1,23 €","1,69 €","2,50 €","5,94 €","2,16 €","12,58 €","1,89 €","3,37 €","3,46 €","0,63 €","7,01 €","42,12 €","1,00 €","20.446,99 €","461,72 €","405,66 €","884,11 €","757,82 €","65,12 €","0,06 €","65,30 €","53,68 €","24,90 €","5,50 €","60,21 €","43,17 €","87,40 €","86,80 €","1.412,49 €","1.305,61 €","708,44 €","9,45 €","1,02 €","1,04 €","5,95 €","3,76 €","2,08 €","1,81 €","0,94 €","2,64 €","1,82 €","2,28 €","1,29 €","1,92 €","8,87 €","23.528,04 €","322,57 €","7.231,91 €"
"Amman, Jordan","6,34 €","38,02 €","6,34 €","6,34 €","6,34 €","0,47 €","0,34 €","1,49 €","0,43 €","1,89 €","7,30 €","0,53 €","19,01 €","4,44 €","5,88 €","3,17 €","0,63 €","6,06 €","38,02 €","1,07 €","30.414,16 €","373,84 €","261,02 €","619,69 €","446,92 €","80,62 €","0,05 €","38,86 €","56,38 €","26,48 €","10,14 €","59,21 €","59,53 €","84,76 €","84,40 €","1.218,93 €","819,22 €","545,55 €","7,91 €","0,44 €","0,39 €","6,34 €","1,88 €","1,28 €","0,88 €","0,59 €","3,74 €","1,43 €","0,74 €","1,60 €","0,71 €","10,96 €","26.341,51 €","240,53 €","4.568,62 €"
"Seoul, South Korea","6,42 €","31,11 €","5,06 €","3,11 €","4,67 €","1,33 €","0,75 €","1,95 €","2,47 €","2,67 €","17,41 €","1,17 €","15,55 €","2,15 €","2,23 €","3,50 €","0,97 €","7,48 €","42,78 €","1,18 €","24.887,49 €","714,76 €","465,05 €","1.903,90 €","1.036,41 €","150,79 €","0,11 €","19,76 €","55,64 €","17,57 €","7,78 €","58,75 €","41,24 €","75,40 €","119,08 €","13.807,23 €","6.552,41 €","2.120,34 €","3,56 €","2,96 €","0,59 €","9,33 €","6,70 €","5,79 €","3,80 €","2,24 €","3,72 €","3,61 €","5,76 €","3,50 €","2,83 €","29,31 €","21.511,36 €","323,08 €","16.410,38 €"
"Sao Paulo, Brazil","6,58 €","28,51 €","5,92 €","1,97 €","3,29 €","1,10 €","0,69 €","0,74 €","1,35 €","1,62 €","7,78 €","0,61 €","8,77 €","1,17 €","2,45 €","2,19 €","0,94 €","2,76 €","45,82 €","0,92 €","20.133,28 €","448,08 €","294,58 €","879,31 €","580,49 €","54,21 €","0,37 €","24,20 €","25,41 €","31,80 €","7,68 €","40,04 €","35,07 €","71,26 €","54,20 €","2.337,54 €","1.553,09 €","470,25 €","9,67 €","1,10 €","0,60 €","7,24 €","1,44 €","0,94 €","0,98 €","0,59 €","1,46 €","0,91 €","1,48 €","1,08 €","1,00 €","6,13 €","19.475,33 €","382,48 €","10.102,57 €"
"Zagreb, Croatia","6,72 €","33,58 €","5,37 €","2,01 €","2,42 €","1,91 €","1,32 €","0,87 €","0,86 €","2,04 €","7,62 €","0,92 €","5,37 €","1,02 €","1,60 €","4,03 €","0,54 €","6,79 €","48,36 €","1,35 €","19.477,30 €","473,12 €","341,08 €","777,81 €","542,49 €","174,07 €","0,11 €","22,12 €","34,96 €","9,19 €","5,37 €","73,88 €","30,63 €","78,16 €","92,24 €","2.701,80 €","1.892,37 €","903,99 €","3,90 €","1,34 €","0,67 €","5,37 €","1,06 €","1,34 €","0,79 €","0,77 €","1,51 €","1,69 €","1,54 €","1,43 €","0,80 €","8,77 €","19.816,57 €","144,52 €","3.840,88 €"
"Santiago, Chile","6,94 €","34,68 €","5,20 €","2,95 €","3,47 €","0,94 €","0,80 €","0,87 €","1,26 €","2,24 €","7,57 €","0,96 €","5,20 €","1,00 €","1,67 €","4,39 €","0,92 €","4,41 €","43,57 €","0,95 €","13.870,83 €","369,11 €","349,97 €","701,83 €","635,33 €","89,62 €","0,11 €","29,58 €","26,45 €","15,44 €","5,78 €","44,51 €","23,96 €","49,88 €","68,12 €","1.963,73 €","1.915,99 €","618,33 €","3,73 €","0,35 €","1,16 €","9,02 €","1,41 €","1,09 €","0,93 €","0,92 €","2,19 €","1,04 €","1,21 €","1,00 €","1,02 €","7,67 €","12.884,76 €","353,88 €","5.825,36 €"
"Porto, Portugal","7,00 €","30,00 €","6,00 €","2,00 €","2,50 €","1,34 €","0,99 €","0,67 €","1,25 €","1,79 €","6,30 €","0,56 €","4,00 €","0,99 €","2,13 €","5,00 €","1,27 €","5,38 €","31,00 €","1,53 €","25.900,00 €","682,50 €","507,14 €","1.281,43 €","862,50 €","101,15 €","0,15 €","31,12 €","32,22 €","11,86 €","6,95 €","84,43 €","29,37 €","68,50 €","74,45 €","2.653,79 €","1.571,46 €","801,61 €","2,59 €","3,50 €","0,48 €","14,80 €","1,71 €","1,34 €","0,99 €","0,95 €","1,61 €","0,86 €","1,36 €","1,20 €","1,23 €","9,41 €","24.087,50 €","324,00 €","5.992,86 €"
"Riga, Latvia","7,00 €","40,00 €","5,00 €","2,90 €","2,20 €","1,01 €","0,69 €","0,88 €","0,88 €","1,69 €","6,16 €","0,57 €","6,00 €","1,03 €","1,31 €","3,80 €","1,15 €","4,96 €","50,00 €","1,28 €","18.000,00 €","385,07 €","276,53 €","698,49 €","488,06 €","172,23 €","0,09 €","16,20 €","34,77 €","21,00 €","8,00 €","60,72 €","33,49 €","69,47 €","85,56 €","1.845,24 €","1.140,27 €","806,02 €","2,47 €","2,00 €","0,64 €","7,80 €","1,04 €","1,49 €","0,44 €","1,17 €","2,45 €","1,38 €","1,73 €","1,31 €","0,47 €","6,87 €","17.447,92 €","332,80 €","12.155,00 €"
"Vilnius, Lithuania","7,00 €","35,00 €","5,00 €","3,00 €","3,00 €","1,50 €","1,24 €","0,86 €","0,97 €","1,53 €","6,82 €","0,66 €","6,50 €","1,08 €","1,39 €","3,95 €","1,00 €","4,52 €","29,00 €","1,20 €","17.500,00 €","488,14 €","329,77 €","840,00 €","523,64 €","115,86 €","0,08 €","11,03 €","27,61 €","18,39 €","7,00 €","50,87 €","35,79 €","72,82 €","96,96 €","2.745,14 €","1.679,63 €","912,37 €","2,39 €","1,00 €","0,60 €","8,00 €","0,84 €","1,14 €","0,41 €","1,00 €","2,10 €","1,41 €","1,36 €","1,00 €","0,48 €","6,47 €","17.570,00 €","345,00 €","7.031,25 €"
"Dubai, United Arab Emirates","7,33 €","48,89 €","6,11 €","11,00 €","11,00 €","0,82 €","0,36 €","1,40 €","1,12 €","2,67 €","9,81 €","0,55 €","14,67 €","3,79 €","3,78 €","5,13 €","1,47 €","6,58 €","61,11 €","0,56 €","19.555,79 €","1.348,79 €","888,37 €","2.749,41 €","1.887,72 €","156,63 €","0,11 €","90,42 €","71,73 €","29,52 €","9,78 €","56,09 €","46,54 €","85,37 €","87,23 €","3.101,67 €","1.957,50 €","2.577,55 €","4,32 €","2,93 €","0,49 €","7,33 €","1,97 €","1,48 €","0,91 €","1,46 €","4,40 €","1,68 €","1,46 €","1,59 €","0,73 €","10,75 €","17.555,13 €","490,90 €","9.343,89 €"
"Saint Petersburg, Russia","7,34 €","29,35 €","4,40 €","2,20 €","2,20 €","0,76 €","0,53 €","0,98 €","0,71 €","1,18 €","7,60 €","0,63 €","5,87 €","0,88 €","1,89 €","2,20 €","0,59 €","3,96 €","42,56 €","0,67 €","19.289,39 €","524,45 €","344,27 €","1.012,53 €","615,19 €","102,17 €","0,03 €","6,96 €","26,27 €","18,33 €","5,14 €","71,86 €","38,25 €","74,88 €","100,72 €","2.476,05 €","1.507,70 €","645,94 €","10,29 €","1,47 €","0,26 €","4,40 €","1,29 €","1,25 €","0,56 €","0,86 €","1,96 €","0,92 €","1,91 €","0,89 €","0,48 €","7,18 €","19.305,29 €","411,83 €","5.388,86 €"
"Durban, South Africa","7,47 €","25,53 €","3,74 €","1,62 €","1,68 €","0,79 €","0,63 €","0,87 €","0,79 €","1,52 €","5,84 €","1,05 €","3,27 €","0,96 €","1,47 €","2,49 €","0,93 €","3,94 €","23,35 €","0,97 €","17.242,92 €","302,38 €","325,53 €","583,09 €","639,56 €","76,88 €","0,12 €","58,20 €","27,15 €","9,31 €","5,29 €","43,79 €","28,21 €","75,01 €","82,04 €","618,83 €","694,26 €","933,21 €","10,64 €","1,17 €","0,75 €","4,36 €","1,25 €","1,25 €","0,78 €","0,85 €","1,58 €","1,11 €","0,92 €","0,98 €","0,82 €","5,72 €","17.400,43 €","159,71 €","3.425,69 €"
"Tallinn, Estonia","8,00 €","45,00 €","6,00 €","4,00 €","4,00 €","1,83 €","1,45 €","0,70 €","0,87 €","1,58 €","7,20 €","0,58 €","7,00 €","1,42 €","1,53 €","4,25 €","2,00 €","5,28 €","23,00 €","1,35 €","17.600,00 €","533,33 €","364,36 €","869,29 €","611,46 €","175,25 €","0,04 €","22,88 €","45,44 €","23,03 €","8,00 €","71,23 €","30,54 €","67,16 €","88,33 €","2.632,65 €","1.810,14 €","1.188,81 €","2,39 €","2,50 €","0,50 €","10,50 €","1,13 €","1,37 €","0,49 €","0,99 €","2,79 €","1,39 €","1,93 €","1,06 €","0,56 €","8,34 €","17.310,65 €","250,94 €","7.666,24 €"
"Ljubljana, Slovenia","8,00 €","35,00 €","5,00 €","2,60 €","3,40 €","2,15 €","1,58 €","0,91 €","1,08 €","2,29 €","10,36 €","0,59 €","6,00 €","1,05 €","1,73 €","4,10 €","1,30 €","7,69 €","37,00 €","1,30 €","19.000,00 €","579,89 €","448,26 €","1.063,75 €","783,33 €","199,61 €","0,07 €","33,00 €","40,61 €","13,78 €","6,78 €","62,23 €","29,24 €","76,41 €","90,59 €","3.541,67 €","2.605,88 €","1.155,72 €","3,19 €","1,00 €","0,90 €","13,90 €","1,36 €","1,36 €","0,85 €","1,18 €","1,48 €","1,46 €","1,95 €","1,21 €","0,94 €","9,42 €","19.070,45 €","368,78 €","10.118,75 €"
"Tokyo, Japan","8,19 €","40,97 €","5,70 €","4,10 €","4,92 €","1,20 €","0,87 €","1,55 €","1,54 €","1,95 €","9,64 €","1,07 €","9,01 €","2,22 €","3,45 €","4,10 €","1,56 €","6,56 €","81,95 €","1,14 €","20.769,54 €","1.013,36 €","636,07 €","2.270,89 €","1.221,64 €","162,41 €","0,37 €","38,33 €","77,29 €","26,39 €","14,75 €","58,40 €","37,28 €","71,31 €","120,05 €","9.581,79 €","5.268,04 €","2.657,42 €","1,46 €","3,91 €","3,44 €","28,64 €","6,58 €","5,02 €","3,20 €","1,62 €","3,21 €","5,04 €","5,19 €","2,81 €","2,87 €","19,66 €","18.110,35 €","604,02 €","17.051,34 €"
"Singapore, Singapore","8,33 €","39,98 €","5,33 €","6,66 €","8,00 €","1,25 €","0,91 €","2,04 €","1,50 €","1,97 €","12,38 €","1,11 €","19,99 €","3,45 €","3,80 €","9,33 €","1,20 €","5,88 €","79,96 €","1,50 €","76.598,98 €","1.859,98 €","1.174,57 €","3.509,54 €","2.007,43 €","97,79 €","0,14 €","28,85 €","88,55 €","8,95 €","8,66 €","61,63 €","33,52 €","81,17 €","93,88 €","17.864,28 €","8.977,26 €","2.988,12 €","2,52 €","2,40 €","0,37 €","11,99 €","3,00 €","2,72 €","2,01 €","1,41 €","3,66 €","2,01 €","2,01 €","2,22 €","1,92 €","11,35 €","67.345,10 €","773,41 €","18.581,67 €"
"Montevideo, Uruguay","8,41 €","31,23 €","6,96 €","1,92 €","2,40 €","1,25 €","1,01 €","0,67 €","1,69 €","2,04 €","7,55 €","1,06 €","5,65 €","1,56 €","1,86 €","3,60 €","0,91 €","6,19 €","36,04 €","1,31 €","26.432,17 €","428,25 €","338,45 €","727,77 €","578,57 €","98,22 €","0,16 €","28,65 €","40,13 €","12,75 €","7,21 €","66,95 €","32,38 €","81,63 €","92,51 €","2.222,38 €","1.780,26 €","642,49 €","8,00 €","0,99 €","0,62 €","8,81 €","1,52 €","1,10 €","1,27 €","0,90 €","2,35 €","1,01 €","1,72 €","1,81 €","1,16 €","7,10 €","28.427,94 €","275,58 €","5.749,21 €"
"Johannesburg, South Africa","8,47 €","31,37 €","3,45 €","1,73 €","2,20 €","0,90 €","0,71 €","1,00 €","0,85 €","1,91 €","6,45 €","1,01 €","4,39 €","1,20 €","1,73 €","2,82 €","1,88 €","4,59 €","50,20 €","1,01 €","18.824,00 €","421,71 €","369,10 €","854,92 €","706,50 €","83,28 €","0,11 €","59,93 €","33,16 €","9,67 €","5,65 €","48,59 €","29,92 €","72,83 €","72,78 €","900,68 €","641,14 €","1.089,06 €","10,41 €","1,25 €","0,72 €","6,27 €","1,38 €","1,45 €","1,03 €","0,96 €","1,67 €","1,25 €","1,30 €","1,13 €","1,03 €","6,00 €","18.124,04 €","217,14 €","4.754,58 €"
"Lisbon, Portugal","8,50 €","35,00 €","6,00 €","2,00 €","2,50 €","1,35 €","0,99 €","0,65 €","1,11 €","1,67 €","7,58 €","0,63 €","5,00 €","1,09 €","1,93 €","5,00 €","1,50 €","5,23 €","40,00 €","1,56 €","25.000,00 €","886,21 €","619,04 €","1.697,70 €","1.131,34 €","99,29 €","0,21 €","32,35 €","34,60 €","11,82 €","7,00 €","79,84 €","30,18 €","76,47 €","90,45 €","4.298,53 €","2.414,28 €","913,81 €","2,11 €","3,48 €","0,47 €","14,80 €","1,48 €","1,12 €","0,99 €","0,92 €","1,44 €","0,90 €","1,54 €","1,06 €","1,01 €","9,48 €","24.381,58 €","421,38 €","7.840,74 €"
"Berlin, Germany","8,50 €","40,00 €","7,00 €","3,50 €","3,10 €","2,02 €","1,73 €","0,80 €","1,34 €","1,90 €","8,12 €","0,52 €","5,00 €","0,86 €","1,32 €","6,40 €","2,80 €","6,95 €","81,00 €","1,44 €","19.520,00 €","896,50 €","651,04 €","1.681,19 €","1.217,77 €","231,80 €","0,10 €","29,08 €","26,39 €","19,23 €","10,00 €","81,47 €","31,93 €","81,71 €","104,49 €","6.051,94 €","3.803,70 €","2.289,46 €","1,85 €","3,90 €","2,00 €","30,00 €","2,15 €","2,23 €","1,49 €","1,13 €","2,74 €","1,76 €","2,22 €","1,47 €","1,39 €","11,24 €","19.749,00 €","177,88 €","6.829,05 €"
"Valencia, Spain","8,75 €","35,00 €","7,00 €","2,00 €","2,50 €","1,51 €","1,04 €","0,67 €","0,81 €","1,52 €","10,83 €","0,38 €","4,00 €","0,69 €","1,00 €","5,00 €","1,50 €","5,92 €","41,90 €","1,30 €","18.000,00 €","672,08 €","463,64 €","1.053,57 €","704,81 €","113,44 €","0,18 €","35,26 €","31,35 €","11,62 €","8,00 €","69,00 €","29,32 €","65,48 €","88,33 €","2.605,35 €","1.350,00 €","1.342,17 €","2,36 €","4,00 €","1,08 €","19,32 €","1,51 €","1,00 €","0,83 €","0,85 €","1,53 €","0,88 €","1,46 €","1,34 €","0,92 €","10,42 €","18.714,29 €","405,64 €","7.422,22 €"
"Moscow, Russia","8,80 €","36,69 €","4,40 €","2,93 €","2,57 €","0,80 €","0,51 €","1,03 €","0,62 €","1,26 €","9,03 €","0,62 €","7,34 €","0,93 €","2,01 €","2,20 €","0,73 €","4,13 €","31,84 €","0,68 €","20.969,60 €","888,23 €","518,48 €","1.840,45 €","990,88 €","126,36 €","0,03 €","6,79 €","41,55 €","25,26 €","6,60 €","83,46 €","44,54 €","88,30 €","111,66 €","5.311,38 €","2.540,11 €","970,29 €","10,07 €","1,89 €","0,21 €","7,92 €","1,28 €","1,31 €","0,52 €","1,11 €","2,43 €","1,09 €","2,21 €","0,97 €","0,50 €","7,72 €","19.737,85 €","523,31 €","10.478,53 €"
"Cape Town, South Africa","8,91 €","35,81 €","3,74 €","2,18 €","2,49 €","0,84 €","0,66 €","0,91 €","0,86 €","1,95 €","6,46 €","1,02 €","4,36 €","1,49 €","1,96 €","2,49 €","0,93 €","5,23 €","26,47 €","0,98 €","18.683,75 €","695,92 €","468,15 €","1.431,46 €","954,95 €","62,35 €","0,10 €","61,33 €","34,45 €","7,39 €","5,29 €","47,07 €","30,10 €","83,98 €","73,81 €","2.378,77 €","1.184,10 €","1.140,76 €","10,64 €","1,25 €","0,62 €","3,11 €","1,49 €","1,33 €","1,03 €","0,95 €","1,73 €","1,45 €","1,15 €","1,25 €","0,93 €","6,78 €","17.607,30 €","186,87 €","3.441,21 €"
"Minsk, Belarus","8,93 €","27,95 €","4,49 €","1,80 €","2,70 €","0,66 €","0,49 €","0,68 €","0,56 €","1,11 €","5,44 €","0,58 €","7,19 €","0,85 €","1,77 €","1,37 €","0,27 €","3,34 €","13,48 €","0,71 €","13.477,27 €","376,92 €","244,90 €","593,05 €","386,38 €","48,29 €","0,04 €","12,84 €","31,85 €","15,41 €","4,04 €","57,87 €","34,32 €","86,17 €","83,35 €","1.526,65 €","1.067,94 €","433,37 €","14,63 €","1,68 €","0,25 €","2,59 €","0,95 €","1,50 €","0,42 €","0,93 €","1,64 €","1,02 €","1,76 €","1,13 €","0,48 €","6,11 €","17.670,15 €","402,08 €","5.345,20 €"
"Beirut, Lebanon","8,98 €","53,91 €","7,19 €","3,22 €","4,17 €","0,74 €","0,39 €","1,89 €","0,86 €","2,59 €","9,51 €","0,70 €","8,98 €","1,21 €","1,91 €","2,19 €","1,19 €","7,33 €","53,91 €","0,80 €","19.766,67 €","719,35 €","393,83 €","1.647,29 €","751,31 €","122,43 €","0,29 €","49,74 €","65,66 €","24,45 €","8,98 €","58,37 €","42,06 €","99,00 €","102,15 €","3.589,98 €","1.538,73 €","859,89 €","7,35 €","5,39 €","1,80 €","11,95 €","1,71 €","1,23 €","0,81 €","0,85 €","3,82 €","1,46 €","1,09 €","1,20 €","0,87 €","11,51 €","18.766,59 €","348,27 €","4.684,61 €"
"Panama City, Panama","8,98 €","35,94 €","6,06 €","2,58 €","3,59 €","1,14 €","0,92 €","1,38 €","1,79 €","1,95 €","10,27 €","1,46 €","8,31 €","0,71 €","2,35 €","4,69 €","0,22 €","6,55 €","17,97 €","0,72 €","16.172,73 €","811,63 €","547,73 €","1.387,66 €","962,66 €","90,98 €","0,11 €","41,58 €","40,47 €","22,46 €","5,39 €","44,34 €","32,52 €","59,09 €","76,53 €","1.953,02 €","1.430,09 €","706,33 €","5,26 €","1,80 €","1,80 €","8,98 €","3,26 €","2,59 €","1,76 €","2,02 €","2,63 €","1,51 €","2,68 €","1,44 €","1,88 €","9,79 €","17.281,60 €","231,77 €","6.092,58 €"
"Thessaloniki, Greece","10,00 €","35,00 €","6,50 €","3,50 €","4,50 €","1,46 €","0,50 €","1,11 €","0,91 €","3,03 €","7,52 €","0,78 €","6,50 €","1,14 €","1,93 €","4,50 €","1,00 €","6,68 €","30,00 €","1,56 €","18.500,00 €","336,96 €","269,45 €","543,56 €","440,83 €","160,39 €","0,44 €","30,22 €","31,30 €","9,98 €","8,00 €","74,39 €","27,60 €","71,64 €","87,50 €","1.745,83 €","1.279,03 €","660,51 €","4,56 €","3,50 €","1,00 €","11,81 €","1,15 €","1,13 €","0,71 €","0,81 €","3,21 €","1,52 €","1,16 €","1,47 €","0,77 €","8,26 €","18.173,50 €","301,04 €","6.775,00 €"
"Athens, Greece","10,00 €","40,00 €","6,00 €","4,00 €","4,00 €","1,54 €","0,50 €","1,23 €","0,79 €","2,92 €","8,38 €","0,83 €","7,50 €","1,40 €","2,00 €","4,50 €","1,40 €","7,06 €","30,00 €","1,59 €","18.000,00 €","377,05 €","338,69 €","677,00 €","612,70 €","138,77 €","0,34 €","31,08 €","28,60 €","17,98 €","8,00 €","71,23 €","28,60 €","78,22 €","92,58 €","1.886,28 €","1.748,42 €","787,01 €","4,73 €","3,50 €","0,74 €","11,81 €","1,34 €","1,00 €","0,94 €","0,62 €","3,15 €","1,70 €","1,58 €","1,44 €","0,86 €","9,27 €","18.860,32 €","366,83 €","7.385,58 €"
"Vienna, Austria","10,00 €","45,00 €","7,25 €","4,00 €","4,00 €","2,77 €","2,05 €","1,03 €","1,75 €","2,55 €","10,41 €","0,54 €","6,99 €","0,97 €","1,54 €","5,50 €","2,40 €","8,95 €","48,00 €","1,24 €","22.700,00 €","858,37 €","621,65 €","1.584,20 €","1.105,34 €","158,45 €","0,04 €","30,86 €","27,44 €","18,33 €","10,00 €","78,53 €","32,94 €","81,50 €","108,19 €","6.403,78 €","4.164,43 €","1.900,43 €","2,10 €","4,00 €","1,42 €","27,80 €","1,99 €","2,08 €","1,29 €","1,19 €","3,19 €","1,26 €","2,33 €","1,67 €","1,34 €","14,30 €","22.357,62 €","211,88 €","16.035,71 €"
"Frankfurt, Germany","10,00 €","50,00 €","8,00 €","4,00 €","3,50 €","2,39 €","2,10 €","0,72 €","1,27 €","1,94 €","7,77 €","0,50 €","5,00 €","0,88 €","1,20 €","6,40 €","2,75 €","8,11 €","90,40 €","1,43 €","25.000,00 €","986,97 €","723,80 €","1.878,93 €","1.307,69 €","265,52 €","0,10 €","30,74 €","45,06 €","20,92 €","12,00 €","73,23 €","34,45 €","88,13 €","100,52 €","6.486,36 €","4.142,86 €","2.618,29 €","1,91 €","3,50 €","2,00 €","33,00 €","2,24 €","1,77 €","1,31 €","0,89 €","2,74 €","1,90 €","2,35 €","1,52 €","1,34 €","9,58 €","21.048,75 €","374,56 €","12.630,00 €"
"Melbourne, Australia","10,22 €","49,54 €","7,12 €","5,57 €","5,57 €","1,91 €","1,70 €","0,90 €","1,88 €","2,85 €","6,12 €","1,28 €","9,29 €","3,13 €","3,37 €","19,01 €","2,72 €","6,64 €","95,36 €","0,91 €","15.479,87 €","1.134,86 €","859,46 €","2.027,71 €","1.341,31 €","127,87 €","0,12 €","43,28 €","46,28 €","14,14 €","12,38 €","61,86 €","36,07 €","75,79 €","84,07 €","5.967,57 €","4.802,08 €","2.791,96 €","4,11 €","3,10 €","1,11 €","21,18 €","2,56 €","2,15 €","2,24 €","1,57 €","2,63 €","1,58 €","3,06 €","2,20 €","1,78 €","9,42 €","15.221,84 €","1.250,41 €","12.874,09 €"
"Winnipeg, Canada","10,31 €","41,25 €","6,80 €","4,12 €","4,81 €","1,49 €","1,26 €","1,21 €","1,71 €","2,17 €","6,95 €","1,53 €","10,31 €","1,59 €","1,92 €","11,00 €","2,03 €","9,04 €","68,75 €","0,77 €","17.186,61 €","679,10 €","640,46 €","1.000,58 €","944,40 €","87,74 €","0,19 €","48,43 €","34,77 €","14,29 €","8,94 €","41,31 €","28,48 €","64,95 €","75,29 €","2.217,04 €","1.765,32 €","2.068,87 €","3,45 €","2,58 €","1,18 €","21,45 €","2,61 €","1,74 €","1,57 €","1,73 €","3,09 €","2,62 €","2,27 €","1,17 €","1,24 €","9,21 €","16.214,83 €","375,57 €","7.763,44 €"
"Montreal, Canada","10,31 €","44,69 €","6,87 €","4,81 €","5,50 €","1,50 €","1,16 €","1,40 €","2,39 €","2,23 €","12,14 €","1,42 €","11,68 €","1,77 €","2,11 €","8,25 €","2,41 €","10,80 €","59,47 €","0,88 €","16.499,14 €","871,26 €","551,99 €","1.481,25 €","942,77 €","66,62 €","0,23 €","42,59 €","23,04 €","11,17 €","8,94 €","44,12 €","31,69 €","68,19 €","82,98 €","3.863,77 €","2.297,90 €","2.182,51 €","3,46 €","2,41 €","1,20 €","26,81 €","2,55 €","2,74 €","1,69 €","1,66 €","2,83 €","2,09 €","3,01 €","1,33 €","1,73 €","11,84 €","15.522,12 €","450,09 €","5.704,32 €"
"Gothenburg, Sweden","10,45 €","75,97 €","7,60 €","6,31 €","6,17 €","2,22 €","1,76 €","1,10 €","2,32 €","2,53 €","8,89 €","1,30 €","9,02 €","1,56 €","1,79 €","6,17 €","2,66 €","9,16 €","62,44 €","1,49 €","18.991,75 €","952,59 €","715,92 €","1.561,88 €","1.138,77 €","51,69 €","0,08 €","30,42 €","32,03 €","20,70 €","12,34 €","77,49 €","36,36 €","74,20 €","108,28 €","5.547,68 €","3.692,31 €","2.183,46 €","2,80 €","4,84 €","1,36 €","51,18 €","2,40 €","2,18 €","1,03 €","1,84 €","3,58 €","2,31 €","2,83 €","2,00 €","1,13 €","14,08 €","18.262,15 €","127,02 €","1.660,95 €"
"Phoenix, AZ, United States","10,77 €","53,87 €","6,73 €","3,59 €","4,49 €","1,53 €","1,07 €","0,51 €","2,18 €","1,85 €","9,65 €","1,62 €","9,88 €","1,41 €","1,75 €","6,73 €","1,80 €","7,90 €","57,47 €","0,70 €","19.156,78 €","1.092,25 €","824,80 €","1.657,74 €","1.317,96 €","161,50 €","0,10 €","67,23 €","27,66 €","7,38 €","9,88 €","35,14 €","30,88 €","66,48 €","82,84 €","2.150,04 €","1.403,23 €","3.113,47 €","4,20 €","2,92 €","1,24 €","32,32 €","2,93 €","3,03 €","1,99 €","1,06 €","3,60 €","4,53 €","3,19 €","1,38 €","1,91 €","9,60 €","18.257,94 €","678,35 €","13.498,49 €"
"Ottawa, Canada","11,00 €","55,00 €","6,87 €","4,81 €","4,81 €","1,39 €","1,18 €","1,44 €","1,94 €","2,08 €","8,14 €","1,21 €","10,31 €","1,57 €","1,94 €","9,97 €","2,41 €","9,04 €","80,09 €","0,81 €","17.186,61 €","961,81 €","745,27 €","1.642,15 €","1.256,39 €","102,76 €","0,18 €","43,85 €","40,21 €","16,84 €","9,62 €","45,53 €","34,91 €","72,18 €","99,17 €","3.379,74 €","2.010,41 €","2.904,67 €","3,63 €","2,65 €","1,21 €","13,67 €","2,70 €","3,06 €","1,44 €","1,75 €","2,85 €","2,42 €","2,36 €","1,06 €","1,44 €","10,43 €","16.072,54 €","782,15 €","9.040,16 €"
"Barcelona, Spain","11,00 €","40,00 €","7,00 €","2,50 €","3,00 €","1,63 €","1,22 €","0,86 €","0,99 €","1,56 €","10,88 €","0,61 €","6,00 €","0,83 €","1,44 €","5,00 €","2,15 €","6,46 €","50,00 €","1,33 €","22.000,00 €","950,28 €","725,42 €","1.502,94 €","1.088,73 €","136,65 €","0,13 €","42,57 €","41,14 €","18,46 €","8,50 €","72,91 €","25,34 €","79,48 €","92,50 €","4.342,92 €","3.044,23 €","1.444,48 €","2,39 €","2,50 €","1,15 €","22,10 €","1,73 €","1,34 €","0,99 €","0,94 €","1,79 €","1,02 €","1,51 €","1,53 €","1,24 €","10,26 €","20.971,43 €","438,89 €","7.885,00 €"
"Hamburg, Germany","11,00 €","50,00 €","8,00 €","4,00 €","3,50 €","2,60 €","2,09 €","0,85 €","1,58 €","2,00 €","8,33 €","0,51 €","5,00 €","0,80 €","1,18 €","6,40 €","3,20 €","8,51 €","86,00 €","1,42 €","20.000,00 €","873,12 €","647,42 €","1.730,00 €","1.306,25 €","232,62 €","0,10 €","31,29 €","42,00 €","21,11 €","12,00 €","76,37 €","33,13 €","90,08 €","120,78 €","6.250,00 €","3.735,71 €","2.532,52 €","1,88 €","3,50 €","2,00 €","30,00 €","2,29 €","2,37 €","1,50 €","1,04 €","2,91 €","2,21 €","2,57 €","1,63 €","1,42 €","11,53 €","18.687,14 €","279,09 €","13.891,67 €"
"Adelaide, Australia","11,19 €","40,39 €","6,84 €","4,97 €","5,59 €","2,15 €","1,72 €","0,97 €","1,44 €","2,50 €","5,91 €","1,46 €","9,32 €","3,41 €","4,07 €","18,64 €","2,36 €","6,45 €","61,52 €","0,93 €","15.534,80 €","817,81 €","601,79 €","1.369,39 €","971,70 €","119,44 €","0,32 €","41,95 €","34,05 €","1,42 €","9,32 €","56,55 €","35,40 €","75,21 €","76,91 €","2.482,56 €","1.715,15 €","2.653,26 €","4,10 €","2,80 €","1,16 €","24,48 €","2,63 €","2,12 €","1,75 €","1,76 €","2,63 €","1,61 €","2,61 €","2,11 €","1,52 €","10,09 €","15.167,61 €","396,25 €","8.815,92 €"
"Stockholm, Sweden","11,40 €","66,47 €","7,60 €","6,55 €","6,65 €","2,30 €","1,97 €","1,16 €","2,18 €","2,81 €","8,17 €","1,61 €","9,50 €","1,82 €","1,88 €","6,17 €","3,80 €","9,81 €","84,51 €","1,49 €","20.354,40 €","1.167,36 €","804,10 €","1.930,04 €","1.198,21 €","75,90 €","0,12 €","27,98 €","37,83 €","26,69 €","12,82 €","85,93 €","33,52 €","92,50 €","126,60 €","8.841,79 €","5.282,64 €","2.476,17 €","2,46 €","4,27 €","1,31 €","49,38 €","2,47 €","2,35 €","1,18 €","1,81 €","3,64 €","2,43 €","3,11 €","2,21 €","1,20 €","14,86 €","20.991,58 €","116,13 €","5.785,11 €"
"Vancouver, Canada","11,69 €","55,00 €","6,87 €","4,81 €","4,81 €","1,40 €","1,26 €","1,63 €","2,36 €","2,71 €","11,49 €","1,71 €","13,75 €","2,06 €","2,63 €","10,31 €","2,06 €","10,61 €","67,37 €","1,07 €","17.186,61 €","1.424,90 €","1.133,13 €","2.586,43 €","1.863,02 €","62,72 €","0,25 €","48,94 €","35,60 €","10,70 €","10,31 €","47,41 €","35,88 €","72,71 €","97,36 €","8.649,48 €","6.413,13 €","2.625,31 €","3,78 €","2,41 €","1,30 €","23,28 €","2,70 €","2,76 €","2,22 €","1,86 €","3,05 €","2,87 €","3,31 €","1,28 €","2,29 €","12,43 €","16.057,11 €","849,75 €","14.093,02 €"
"Sydney, Australia","11,81 €","54,37 €","7,15 €","4,97 €","4,97 €","1,99 €","1,68 €","0,90 €","1,85 €","2,79 €","7,68 €","1,29 €","11,19 €","3,42 €","3,73 €","20,82 €","2,73 €","7,15 €","130,49 €","0,93 €","15.845,50 €","1.568,39 €","1.140,67 €","2.674,32 €","1.810,32 €","110,70 €","0,38 €","43,51 €","47,37 €","13,50 €","12,43 €","61,22 €","38,11 €","86,50 €","94,94 €","8.435,22 €","5.375,57 €","3.018,36 €","3,82 €","2,49 €","1,37 €","35,05 €","2,77 €","2,38 €","2,08 €","1,59 €","2,48 €","1,65 €","3,01 €","2,17 €","1,72 €","11,24 €","15.066,62 €","1.389,43 €","11.933,55 €"
"Auckland, New Zealand","11,95 €","50,78 €","6,57 €","5,68 €","5,38 €","2,00 €","1,89 €","1,59 €","1,42 €","2,82 €","5,80 €","1,31 €","8,96 €","3,24 €","2,76 €","17,92 €","2,24 €","7,54 €","128,44 €","1,33 €","20.909,09 €","1.127,81 €","947,13 €","2.002,12 €","1.640,38 €","99,55 €","0,31 €","49,79 €","37,68 €","10,73 €","10,75 €","63,43 €","33,45 €","83,44 €","101,35 €","6.247,73 €","5.090,16 €","2.344,96 €","4,22 €","2,27 €","1,49 €","31,36 €","2,23 €","2,40 €","2,18 €","1,71 €","2,83 €","1,68 €","2,93 €","1,70 €","1,66 €","10,36 €","17.575,02 €","704,18 €","12.204,08 €"
"Madrid, Spain","12,00 €","40,00 €","8,00 €","3,00 €","3,00 €","1,71 €","1,30 €","0,83 €","1,05 €","1,65 €","9,87 €","0,71 €","5,45 €","0,99 €","1,69 €","5,00 €","1,50 €","6,23 €","54,60 €","1,34 €","20.000,00 €","933,23 €","703,38 €","1.643,28 €","1.122,10 €","119,87 €","0,17 €","41,89 €","35,57 €","11,08 €","9,00 €","71,00 €","26,98 €","71,17 €","86,22 €","5.233,54 €","2.966,34 €","1.578,77 €","2,13 €","3,00 €","1,10 €","23,50 €","1,75 €","1,56 €","1,05 €","0,99 €","1,76 €","1,03 €","1,77 €","1,70 €","1,11 €","10,71 €","21.470,45 €","442,96 €","7.353,81 €"
"Munich, Germany","12,00 €","60,00 €","8,00 €","3,80 €","3,90 €","2,73 €","2,44 €","0,86 €","1,56 €","2,30 €","10,39 €","0,58 €","5,00 €","0,95 €","1,15 €","6,50 €","2,90 €","7,59 €","66,00 €","1,43 €","22.500,00 €","1.198,00 €","873,39 €","2.191,11 €","1.681,91 €","242,66 €","0,10 €","34,09 €","34,69 €","20,58 €","12,00 €","76,44 €","32,85 €","84,29 €","124,00 €","10.308,33 €","7.458,70 €","2.627,51 €","1,76 €","3,70 €","1,90 €","29,00 €","2,26 €","2,12 €","1,19 €","0,90 €","2,98 €","1,80 €","2,49 €","1,79 €","1,24 €","12,24 €","20.552,31 €","567,78 €","11.166,67 €"
"Helsinki, Finland","12,00 €","65,00 €","8,00 €","6,50 €","6,75 €","2,66 €","1,89 €","0,96 €","2,27 €","2,02 €","6,87 €","1,54 €","12,00 €","2,23 €","2,95 €","7,70 €","2,80 €","9,42 €","59,70 €","1,54 €","22.000,00 €","986,93 €","758,13 €","1.819,32 €","1.271,16 €","82,66 €","0,07 €","22,31 €","34,54 €","24,72 €","14,00 €","83,41 €","31,41 €","82,49 €","120,97 €","7.444,54 €","4.099,36 €","2.382,56 €","1,38 €","6,00 €","1,00 €","47,04 €","2,10 €","1,75 €","0,91 €","2,30 €","3,87 €","2,13 €","2,91 €","1,61 €","1,25 €","12,34 €","24.402,77 €","351,60 €","1.641,00 €"
"Victoria, Canada","12,05 €","49,93 €","6,89 €","4,82 €","4,82 €","1,55 €","1,41 €","1,53 €","2,16 €","2,51 €","8,83 €","1,62 €","13,77 €","2,02 €","2,08 €","9,64 €","1,72 €","10,94 €","58,54 €","0,98 €","17.217,21 €","1.047,12 €","872,60 €","1.847,98 €","1.513,30 €","78,71 €","0,21 €","54,21 €","36,17 €","7,52 €","10,33 €","44,76 €","29,97 €","74,95 €","106,60 €","4.399,40 €","2.753,97 €","2.338,36 €","3,70 €","2,34 €","1,35 €","28,69 €","3,06 €","2,66 €","2,37 €","1,76 €","3,12 €","4,41 €","3,52 €","1,05 €","2,15 €","11,18 €","15.784,74 €","710,97 €","10.171,93 €"
"Brisbane, Australia","12,38 €","49,54 €","7,43 €","4,95 €","5,57 €","2,04 €","1,61 €","0,90 €","1,73 €","2,45 €","5,54 €","1,34 €","12,38 €","3,36 €","3,69 €","18,58 €","2,48 €","6,23 €","94,23 €","0,92 €","15.479,87 €","1.041,75 €","757,35 €","1.796,62 €","1.148,61 €","108,52 €","0,18 €","47,06 €","40,03 €","13,15 €","9,29 €","59,31 €","32,05 €","87,00 €","83,57 €","3.996,61 €","2.656,91 €","3.030,03 €","4,02 €","2,60 €","1,34 €","30,46 €","2,58 €","2,55 €","1,95 €","1,49 €","2,80 €","1,43 €","3,24 €","2,05 €","1,60 €","10,46 €","14.810,45 €","1.074,36 €","8.746,12 €"
"Perth, Australia","12,43 €","56,55 €","7,32 €","5,90 €","5,59 €","1,79 €","1,62 €","1,03 €","1,76 €","2,59 €","6,52 €","1,68 €","9,32 €","2,99 €","3,96 €","18,64 €","2,58 €","6,90 €","84,02 €","0,87 €","16.149,98 €","897,50 €","639,56 €","1.474,61 €","982,76 €","129,02 €","0,32 €","43,78 €","39,32 €","11,99 €","11,19 €","57,64 €","32,49 €","76,64 €","86,35 €","4.005,94 €","2.866,79 €","2.493,77 €","4,31 €","3,11 €","1,07 €","30,45 €","2,41 €","2,15 €","1,54 €","1,26 €","2,86 €","1,96 €","2,40 €","2,11 €","1,29 €","9,49 €","15.239,20 €","1.190,12 €","11.526,08 €"
"Portland, OR, United States","12,58 €","44,92 €","6,74 €","4,49 €","4,49 €","1,78 €","1,35 €","0,78 €","2,83 €","2,62 €","12,78 €","1,75 €","12,58 €","1,83 €","3,14 €","6,29 €","2,25 €","9,98 €","89,85 €","0,77 €","21.563,64 €","1.399,80 €","1.045,69 €","2.472,70 €","1.769,49 €","150,98 €","0,12 €","60,86 €","39,90 €","18,12 €","10,78 €","45,22 €","34,47 €","72,05 €","86,29 €","3.522,58 €","2.371,28 €","3.403,15 €","4,18 €","2,70 €","1,45 €","29,20 €","4,70 €","3,22 €","1,78 €","1,47 €","3,85 €","3,91 €","3,67 €","1,30 €","1,90 €","14,63 €","20.494,34 €","1.076,09 €","16.387,06 €"
"Rotterdam, Netherlands","13,00 €","50,00 €","8,00 €","4,00 €","4,00 €","2,09 €","1,59 €","0,89 €","1,12 €","2,20 €","9,64 €","0,73 €","5,00 €","0,94 €","1,54 €","7,00 €","4,00 €","7,90 €","70,42 €","1,65 €","23.600,00 €","1.103,13 €","844,33 €","1.845,83 €","1.230,43 €","153,76 €","0,13 €","38,20 €","28,80 €","19,25 €","12,00 €","84,50 €","31,55 €","85,25 €","130,28 €","3.648,71 €","2.604,81 €","2.312,39 €","2,21 €","3,00 €","2,17 €","25,00 €","2,09 €","1,47 €","1,28 €","1,03 €","2,73 €","1,70 €","2,47 €","1,73 €","1,21 €","12,69 €","23.899,00 €","1.116,67 €","10.142,86 €"
"Chicago, IL, United States","13,47 €","53,87 €","7,18 €","4,94 €","6,29 €","1,75 €","1,52 €","0,70 €","2,54 €","2,05 €","9,95 €","2,08 €","12,57 €","1,82 €","1,88 €","11,67 €","2,24 €","9,53 €","94,28 €","0,74 €","19.614,71 €","1.702,25 €","1.100,17 €","3.168,97 €","1.953,12 €","117,08 €","0,16 €","57,23 €","42,52 €","23,05 €","11,67 €","45,28 €","35,06 €","73,00 €","96,56 €","3.656,41 €","1.816,95 €","3.717,02 €","4,23 €","2,92 €","1,26 €","21,55 €","4,47 €","3,69 €","2,22 €","1,42 €","3,69 €","3,92 €","3,52 €","1,47 €","2,39 €","12,40 €","18.842,65 €","1.025,73 €","15.972,64 €"
"Boston, MA, United States","13,47 €","62,85 €","7,18 €","6,29 €","6,73 €","1,75 €","1,53 €","0,78 €","2,62 €","2,34 €","12,75 €","1,58 €","13,02 €","2,01 €","2,32 €","9,88 €","2,22 €","11,00 €","80,81 €","0,66 €","19.789,80 €","2.275,95 €","1.716,68 €","3.574,70 €","2.503,07 €","119,59 €","0,08 €","61,70 €","51,97 €","15,39 €","13,47 €","43,34 €","27,76 €","71,03 €","91,75 €","8.867,39 €","4.036,93 €","4.132,08 €","4,22 €","2,69 €","1,67 €","25,14 €","3,96 €","4,17 €","1,79 €","1,68 €","3,60 €","3,68 €","5,14 €","1,39 €","3,40 €","14,07 €","18.411,02 €","1.534,76 €","24.642,48 €"
"Los Angeles, CA, United States","13,47 €","58,36 €","7,18 €","5,39 €","6,29 €","2,03 €","1,59 €","0,87 €","2,99 €","2,91 €","9,48 €","1,77 €","10,77 €","1,68 €","2,24 €","8,87 €","1,57 €","9,90 €","89,79 €","0,94 €","19.753,89 €","1.980,11 €","1.564,78 €","3.611,37 €","2.696,53 €","111,99 €","0,11 €","55,74 €","36,78 €","10,56 €","13,47 €","44,31 €","30,85 €","70,02 €","94,26 €","7.026,01 €","4.434,17 €","3.968,48 €","4,13 €","2,69 €","1,67 €","26,21 €","3,93 €","2,73 €","2,36 €","1,25 €","4,01 €","3,25 €","2,98 €","1,81 €","1,82 €","11,60 €","18.702,58 €","951,17 €","19.335,55 €"
"Las Vegas, NV, United States","13,47 €","53,87 €","7,18 €","5,39 €","6,29 €","1,45 €","1,06 €","0,70 €","1,81 €","1,64 €","7,05 €","1,05 €","11,63 €","1,88 €","2,72 €","7,17 €","1,80 €","5,68 €","58,36 €","0,76 €","18.856,43 €","992,86 €","874,56 €","1.665,00 €","1.339,05 €","138,51 €","0,19 €","64,64 €","23,03 €","21,05 €","10,77 €","39,76 €","30,57 €","66,91 €","82,55 €","1.935,47 €","1.509,67 €","3.132,38 €","4,31 €","3,14 €","1,54 €","29,09 €","2,86 €","2,34 €","2,17 €","1,27 €","3,65 €","2,98 €","2,99 €","1,32 €","1,79 €","10,05 €","19.092,70 €","786,60 €","12.507,10 €"
"Dallas, TX, United States","13,48 €","44,92 €","6,51 €","4,49 €","5,39 €","1,69 €","1,42 €","0,64 €","2,20 €","1,85 €","6,88 €","1,41 €","10,78 €","2,18 €","2,58 €","6,29 €","2,70 €","9,10 €","86,25 €","0,56 €","17.071,22 €","1.322,45 €","961,01 €","2.476,25 €","1.607,56 €","139,51 €","0,13 €","59,67 €","32,58 €","2,99 €","10,78 €","36,03 €","39,50 €","70,62 €","89,32 €","2.375,25 €","1.391,52 €","4.202,00 €","4,19 €","2,94 €","1,06 €","18,42 €","3,70 €","3,04 €","1,81 €","1,28 €","3,46 €","3,54 €","2,87 €","1,07 €","1,99 €","9,90 €","17.561,12 €","800,09 €","16.891,52 €"
"Houston, TX, United States","13,48 €","53,91 €","6,74 €","5,39 €","5,84 €","1,81 €","1,59 €","0,68 €","2,03 €","1,92 €","8,00 €","1,38 €","10,78 €","2,06 €","2,53 €","6,29 €","1,12 €","6,45 €","44,25 €","0,57 €","20.170,99 €","1.258,81 €","859,49 €","2.166,31 €","1.494,14 €","122,34 €","0,13 €","54,13 €","32,13 €","10,14 €","9,70 €","36,88 €","33,83 €","61,38 €","86,21 €","1.989,15 €","1.047,43 €","3.568,78 €","4,14 €","2,52 €","1,54 €","21,56 €","3,19 €","3,10 €","1,95 €","1,15 €","4,03 €","3,09 €","2,07 €","1,25 €","1,59 €","9,17 €","18.944,36 €","806,88 €","18.762,48 €"
"San Diego, CA, United States","13,48 €","53,91 €","6,74 €","5,39 €","6,29 €","1,74 €","1,39 €","0,88 €","3,27 €","3,20 €","10,03 €","1,63 €","10,78 €","1,76 €","2,14 €","7,19 €","2,25 €","8,40 €","64,69 €","0,92 €","20.665,15 €","1.816,10 €","1.479,24 €","3.254,51 €","2.492,91 €","123,99 €","0,17 €","56,97 €","32,62 €","13,48 €","12,58 €","43,37 €","32,83 €","69,96 €","101,32 €","5.352,13 €","3.605,03 €","4.293,13 €","4,11 €","2,52 €","1,67 €","22,46 €","3,31 €","2,21 €","2,27 €","1,19 €","3,83 €","3,96 €","3,36 €","1,60 €","2,06 €","10,74 €","18.876,87 €","967,85 €","16.232,63 €"
"Austin, TX, United States","13,48 €","44,92 €","7,19 €","4,49 €","5,39 €","1,87 €","1,37 €","0,75 €","2,40 €","2,24 €","9,01 €","1,38 €","10,78 €","2,14 €","3,00 €","6,06 €","1,12 €","7,26 €","37,06 €","0,56 €","19.627,40 €","1.581,66 €","995,90 €","2.750,15 €","1.714,92 €","124,12 €","0,09 €","55,38 €","34,53 €","14,60 €","10,78 €","39,01 €","33,93 €","67,69 €","88,55 €","3.919,75 €","1.955,36 €","4.097,92 €","4,09 €","2,25 €","1,51 €","26,06 €","4,02 €","3,58 €","2,25 €","1,45 €","3,95 €","2,60 €","3,19 €","1,04 €","1,82 €","10,60 €","18.743,38 €","890,67 €","17.537,93 €"
"Seattle, WA, United States","13,48 €","62,89 €","7,19 €","5,39 €","5,84 €","1,97 €","1,52 €","0,77 €","2,76 €","2,40 €","14,42 €","1,68 €","13,48 €","1,83 €","2,19 €","9,66 €","2,47 €","11,23 €","88,95 €","0,84 €","22.462,12 €","1.919,17 €","1.450,04 €","3.199,48 €","2.321,44 €","144,15 €","0,09 €","58,46 €","48,94 €","26,51 €","13,48 €","42,55 €","35,25 €","75,86 €","111,44 €","6.588,64 €","4.065,00 €","4.741,65 €","4,14 €","2,34 €","1,51 €","26,95 €","4,69 €","3,38 €","2,30 €","1,73 €","3,81 €","4,10 €","4,28 €","1,67 €","2,32 €","13,11 €","20.472,62 €","1.568,61 €","19.730,73 €"
"Calgary, Canada","13,75 €","42,97 €","6,87 €","4,81 €","5,50 €","1,63 €","1,51 €","1,35 €","1,83 €","2,19 €","9,53 €","1,59 €","10,31 €","2,53 €","2,75 €","11,00 €","2,34 €","9,17 €","72,87 €","0,72 €","17.186,61 €","833,74 €","661,22 €","1.352,81 €","1.045,82 €","132,57 €","0,19 €","54,67 €","40,58 €","16,06 €","9,62 €","42,31 €","30,61 €","66,55 €","84,89 €","3.412,99 €","2.123,54 €","2.956,33 €","3,48 €","2,61 €","1,15 €","19,80 €","2,80 €","2,76 €","1,50 €","1,63 €","3,14 €","2,00 €","2,42 €","1,21 €","1,58 €","10,19 €","15.976,18 €","780,68 €","10.418,14 €"
"Edmonton, Canada","13,75 €","48,12 €","6,53 €","4,12 €","4,12 €","1,48 €","1,20 €","1,57 €","1,82 €","2,20 €","7,40 €","1,24 €","10,31 €","1,54 €","2,37 €","9,62 €","2,41 €","8,45 €","66,68 €","0,71 €","16.499,14 €","841,34 €","680,79 €","1.340,62 €","1.052,03 €","154,54 €","0,23 €","52,56 €","38,60 €","13,33 €","9,62 €","45,49 €","33,79 €","64,09 €","83,04 €","2.283,92 €","1.715,29 €","2.552,22 €","3,62 €","2,58 €","1,13 €","20,62 €","2,68 €","2,54 €","2,14 €","1,72 €","2,95 €","2,53 €","3,09 €","1,11 €","1,53 €","9,78 €","16.049,12 €","588,27 €","6.840,27 €"
"Toronto, Canada","13,75 €","55,00 €","7,56 €","5,16 €","5,50 €","1,64 €","1,24 €","1,94 €","1,99 €","2,27 €","13,71 €","1,39 €","11,00 €","2,17 €","2,22 €","10,31 €","2,23 €","9,73 €","103,91 €","0,83 €","18.011,56 €","1.474,75 €","1.180,29 €","2.401,86 €","1.792,30 €","95,48 €","0,26 €","44,42 €","37,38 €","22,27 €","10,31 €","47,84 €","31,55 €","73,58 €","91,59 €","7.385,25 €","5.730,86 €","2.352,69 €","3,33 €","2,75 €","1,26 €","21,33 €","2,84 €","3,04 €","2,05 €","1,93 €","3,10 €","2,46 €","2,88 €","1,22 €","2,13 €","14,80 €","17.570,16 €","1.022,99 €","17.653,10 €"
"Dublin, Ireland","15,00 €","60,00 €","8,00 €","5,80 €","5,50 €","1,80 €","1,59 €","0,95 €","1,42 €","2,79 €","7,51 €","1,41 €","12,00 €","2,42 €","2,69 €","12,70 €","3,00 €","8,35 €","125,00 €","1,44 €","24.000,00 €","1.692,24 €","1.405,38 €","2.964,36 €","2.292,57 €","169,12 €","0,26 €","54,01 €","40,22 €","15,94 €","12,00 €","77,61 €","35,45 €","85,42 €","95,52 €","5.457,63 €","4.134,61 €","2.531,16 €","3,43 €","4,00 €","1,35 €","26,73 €","2,09 €","2,30 €","1,56 €","0,96 €","3,20 €","1,59 €","2,77 €","1,90 €","1,14 €","9,24 €","25.618,07 €","1.041,49 €","8.078,42 €"
"Rome, Italy","15,00 €","55,00 €","8,00 €","5,00 €","4,00 €","1,87 €","0,99 €","1,28 €","1,54 €","2,96 €","12,33 €","0,38 €","6,00 €","1,02 €","1,57 €","5,50 €","1,50 €","8,32 €","35,00 €","1,57 €","20.700,00 €","987,37 €","679,27 €","1.870,00 €","1.176,32 €","171,15 €","0,18 €","29,64 €","57,77 €","16,81 €","8,50 €","80,36 €","31,39 €","79,79 €","116,65 €","6.421,74 €","2.926,09 €","1.466,06 €","2,12 €","4,00 €","1,41 €","27,00 €","1,88 €","1,84 €","1,33 €","1,00 €","1,28 €","2,02 €","2,04 €","1,77 €","1,29 €","14,54 €","23.535,29 €","523,86 €","11.972,73 €"
"Milan, Italy","15,00 €","60,00 €","8,00 €","5,00 €","5,00 €","2,49 €","1,12 €","1,21 €","1,94 €","2,87 €","13,54 €","0,40 €","7,00 €","1,20 €","2,01 €","5,50 €","2,00 €","8,83 €","39,00 €","1,59 €","22.400,00 €","1.099,67 €","731,69 €","2.311,84 €","1.428,30 €","163,97 €","0,18 €","28,93 €","66,62 €","22,96 €","10,00 €","86,65 €","32,80 €","86,32 €","135,80 €","8.221,95 €","3.719,51 €","1.601,00 €","1,95 €","5,00 €","1,12 €","28,32 €","2,13 €","2,05 €","1,28 €","1,27 €","1,46 €","2,25 €","2,45 €","1,99 €","1,27 €","17,75 €","23.233,33 €","617,27 €","10.761,90 €"
"Brussels, Belgium","15,00 €","60,00 €","8,20 €","4,00 €","4,00 €","2,47 €","2,07 €","0,97 €","1,64 €","2,65 €","13,14 €","0,94 €","7,00 €","1,24 €","1,87 €","6,70 €","2,10 €","9,07 €","49,00 €","1,44 €","20.200,00 €","838,20 €","686,19 €","1.432,14 €","1.116,71 €","122,98 €","0,23 €","43,43 €","26,11 €","16,94 €","11,00 €","72,59 €","33,81 €","78,65 €","116,11 €","3.232,14 €","2.538,10 €","2.289,69 €","1,68 €","3,00 €","1,95 €","30,00 €","2,17 €","2,24 €","1,50 €","1,29 €","3,17 €","2,19 €","2,07 €","1,63 €","1,30 €","13,56 €","21.788,33 €","695,44 €","18.342,86 €"
"Eindhoven, Netherlands","15,00 €","56,50 €","8,00 €","5,00 €","3,00 €","2,41 €","1,99 €","0,93 €","1,09 €","2,44 €","10,23 €","0,81 €","5,99 €","1,19 €","1,78 €","7,00 €","3,99 €","8,44 €","72,00 €","1,62 €","24.830,00 €","965,16 €","838,00 €","1.513,54 €","1.245,65 €","168,08 €","0,11 €","36,18 €","24,24 €","19,11 €","12,00 €","81,36 €","29,35 €","78,11 €","110,76 €","3.471,67 €","2.559,09 €","2.603,84 €","2,41 €","3,19 €","3,00 €","36,00 €","2,23 €","1,55 €","1,56 €","1,04 €","2,63 €","1,87 €","2,44 €","1,70 €","1,30 €","14,64 €","25.728,62 €","1.221,30 €","4.787,50 €"
"Utrecht, Netherlands","15,00 €","65,00 €","8,00 €","5,00 €","4,50 €","2,53 €","1,99 €","0,92 €","1,15 €","2,45 €","10,49 €","0,80 €","6,00 €","1,10 €","1,75 €","7,00 €","2,60 €","8,39 €","90,00 €","1,66 €","23.000,00 €","1.135,77 €","791,90 €","1.944,44 €","1.272,50 €","193,84 €","0,15 €","35,06 €","28,05 €","20,62 €","11,00 €","100,80 €","37,56 €","91,65 €","123,76 €","4.334,90 €","3.548,50 €","2.214,18 €","2,55 €","5,00 €","2,20 €","36,00 €","2,19 €","1,50 €","1,41 €","1,07 €","3,03 €","1,92 €","2,39 €","1,93 €","1,30 €","15,66 €","33.271,60 €","1.450,00 €","6.125,00 €"
"Paris, France","15,00 €","50,00 €","8,70 €","7,00 €","6,00 €","3,14 €","2,19 €","1,24 €","1,52 €","3,40 €","18,14 €","0,90 €","8,00 €","1,78 €","2,27 €","8,80 €","1,90 €","12,98 €","75,00 €","1,56 €","21.500,00 €","1.177,51 €","837,76 €","2.597,17 €","1.736,93 €","170,29 €","0,19 €","27,15 €","39,98 €","20,05 €","11,00 €","86,04 €","36,00 €","92,46 €","135,00 €","11.203,03 €","8.334,37 €","2.215,02 €","1,63 €","5,00 €","1,35 €","39,02 €","3,04 €","2,64 €","1,98 €","1,30 €","3,40 €","1,79 €","2,82 €","2,11 €","2,28 €","18,89 €","24.250,00 €","877,75 €","12.939,69 €"
"Amsterdam, Netherlands","15,00 €","65,00 €","8,00 €","5,00 €","4,00 €","2,35 €","1,96 €","1,02 €","1,43 €","2,64 €","11,93 €","0,83 €","5,99 €","1,26 €","2,07 €","7,00 €","3,20 €","8,79 €","97,00 €","1,66 €","25.505,00 €","1.584,45 €","1.195,63 €","2.683,74 €","1.884,00 €","169,18 €","0,18 €","40,47 €","36,67 €","25,64 €","12,00 €","84,49 €","37,62 €","93,85 €","133,43 €","7.733,98 €","4.988,62 €","2.646,66 €","2,33 €","5,00 €","2,35 €","40,33 €","2,27 €","1,77 €","1,54 €","1,03 €","3,13 €","1,90 €","2,36 €","1,75 €","1,27 €","13,68 €","26.696,43 €","1.542,42 €","13.010,39 €"
"Tel Aviv-Yafo, Israel","15,54 €","64,75 €","12,95 €","7,77 €","7,77 €","2,37 €","1,82 €","1,54 €","2,24 €","3,19 €","12,84 €","1,28 €","12,95 €","2,25 €","3,11 €","9,07 €","1,53 €","9,41 €","55,69 €","1,64 €","34.966,12 €","1.326,91 €","993,88 €","2.192,51 €","1.613,78 €","197,25 €","0,04 €","24,84 €","67,82 €","16,66 €","10,36 €","86,54 €","46,73 €","114,41 €","114,91 €","10.968,44 €","7.192,46 €","2.306,23 €","3,67 €","3,21 €","0,96 €","23,31 €","2,67 €","1,69 €","1,22 €","1,78 €","3,40 €","2,25 €","1,58 €","2,26 €","1,02 €","19,92 €","34.787,86 €","837,46 €","9.237,96 €"
"Jerusalem, Israel","15,56 €","62,24 €","12,97 €","7,26 €","7,26 €","2,07 €","1,71 €","1,43 €","1,54 €","3,32 €","10,63 €","1,50 €","10,37 €","2,02 €","3,04 €","9,08 €","1,53 €","8,33 €","55,23 €","1,67 €","34.229,98 €","919,40 €","740,05 €","1.577,52 €","1.213,39 €","166,88 €","0,13 €","24,16 €","71,27 €","16,60 €","10,37 €","81,25 €","56,11 €","104,25 €","110,38 €","7.929,81 €","4.754,16 €","1.911,12 €","3,75 €","3,11 €","0,95 €","21,24 €","2,76 €","1,35 €","0,89 €","1,19 €","2,80 €","2,06 €","1,31 €","1,78 €","0,94 €","13,52 €","34.921,49 €","566,18 €","4.019,43 €"
"San Francisco, CA, United States","15,95 €","71,88 €","8,98 €","6,29 €","7,19 €","2,26 €","1,72 €","0,98 €","3,12 €","2,82 €","15,47 €","1,74 €","13,48 €","2,04 €","1,98 €","10,78 €","2,47 €","12,11 €","72,78 €","0,95 €","19.802,61 €","3.131,06 €","2.527,11 €","5.661,53 €","4.320,95 €","127,73 €","0,09 €","60,00 €","77,08 €","16,81 €","13,48 €","55,68 €","38,39 €","77,20 €","134,75 €","11.670,67 €","8.658,93 €","6.532,21 €","4,18 €","3,14 €","1,95 €","29,65 €","4,38 €","3,11 €","3,49 €","1,17 €","4,06 €","4,15 €","4,33 €","1,79 €","2,47 €","14,53 €","20.177,73 €","1.959,36 €","25.657,74 €"
"Copenhagen, Denmark","17,40 €","80,29 €","10,04 €","6,69 €","5,35 €","3,02 €","2,22 €","1,21 €","2,75 €","3,07 €","10,50 €","1,07 €","8,03 €","1,61 €","2,18 €","6,02 €","3,21 €","8,70 €","53,53 €","1,50 €","33.453,16 €","1.234,40 €","919,12 €","2.210,96 €","1.655,25 €","196,67 €","0,12 €","34,45 €","36,85 €","30,51 €","14,72 €","102,61 €","38,20 €","101,26 €","129,68 €","6.157,07 €","4.258,87 €","2.803,98 €","1,62 €","6,69 €","2,01 €","53,55 €","2,44 €","2,61 €","1,63 €","1,45 €","5,21 €","1,98 €","3,00 €","2,25 €","1,33 €","11,38 €","32.048,06 €","429,52 €","7.549,80 €"
"London, United Kingdom","17,49 €","64,15 €","7,00 €","5,83 €","5,25 €","1,66 €","1,31 €","1,13 €","1,27 €","2,39 €","7,87 €","0,91 €","9,33 €","2,03 €","2,13 €","12,83 €","2,92 €","7,00 €","167,34 €","1,51 €","23.325,97 €","2.015,24 €","1.420,02 €","3.634,96 €","2.373,78 €","186,96 €","0,13 €","37,07 €","46,02 €","13,66 €","14,00 €","76,44 €","37,03 €","77,94 €","93,35 €","15.242,29 €","8.142,19 €","2.756,93 €","3,31 €","4,67 €","2,97 €","40,82 €","2,11 €","2,39 €","1,37 €","0,88 €","3,30 €","1,52 €","2,68 €","1,34 €","1,20 €","9,79 €","25.282,88 €","1.605,65 €","21.240,00 €"
"Reykjavik, Iceland","17,96 €","109,16 €","11,64 €","8,73 €","7,28 €","2,61 €","1,92 €","1,20 €","2,91 €","4,80 €","12,29 €","1,57 €","18,19 €","2,46 €","2,40 €","10,18 €","3,42 €","14,72 €","93,15 €","1,63 €","26.126,40 €","1.458,29 €","1.203,14 €","2.332,00 €","1.918,32 €","88,14 €","0,15 €","59,63 €","54,44 €","33,00 €","11,57 €","108,50 €","45,09 €","126,37 €","164,79 €","4.384,32 €","3.273,73 €","2.908,86 €","6,30 €","5,02 €","2,28 €","57,64 €","2,09 €","1,96 €","1,86 €","2,20 €","4,11 €","2,37 €","3,37 €","1,66 €","1,42 €","20,84 €","30.138,76 €","245,58 €","6.731,73 €"
"New York, NY, United States","17,97 €","76,37 €","8,09 €","6,29 €","7,19 €","1,85 €","1,59 €","1,04 €","3,33 €","3,28 €","14,21 €","2,07 €","13,48 €","2,07 €","2,43 €","13,48 €","2,47 €","12,37 €","114,11 €","0,71 €","19.627,40 €","2.854,26 €","1.788,76 €","5.574,89 €","3.314,05 €","116,65 €","0,09 €","55,18 €","67,04 €","30,10 €","14,38 €","47,04 €","34,37 €","75,39 €","113,98 €","13.179,53 €","6.891,37 €","4.665,46 €","4,17 €","2,70 €","1,59 €","26,95 €","5,63 €","5,70 €","3,81 €","1,94 €","4,22 €","5,70 €","5,33 €","2,17 €","3,07 €","13,56 €","18.118,42 €","2.106,38 €","34.441,93 €"
"Oslo, Norway","18,70 €","80,88 €","11,12 €","9,00 €","9,10 €","2,92 €","2,51 €","1,80 €","2,92 €","3,79 €","10,64 €","1,70 €","15,17 €","3,04 €","3,60 €","11,98 €","3,64 €","12,69 €","75,83 €","1,65 €","34.626,88 €","1.280,03 €","990,78 €","2.080,65 €","1.595,19 €","158,58 €","0,08 €","45,73 €","42,44 €","29,12 €","14,15 €","92,08 €","37,59 €","97,40 €","132,04 €","8.323,16 €","5.593,16 €","2.985,88 €","2,81 €","10,11 €","1,42 €","43,49 €","2,56 €","2,34 €","1,84 €","2,02 €","4,28 €","2,43 €","3,05 €","2,21 €","1,61 €","25,58 €","31.245,91 €","319,19 €","10.981,56 €"
"Zurich, Switzerland","23,12 €","92,46 €","12,94 €","6,24 €","5,55 €","3,87 €","3,21 €","1,58 €","2,88 €","5,33 €","22,63 €","1,13 €","12,02 €","1,79 €","2,55 €","7,86 €","3,88 €","25,23 €","78,59 €","1,53 €","22.606,84 €","1.701,77 €","1.263,69 €","3.099,86 €","2.296,54 €","162,87 €","0,26 €","48,71 €","76,33 €","32,90 €","16,64 €","106,93 €","46,47 €","111,39 €","171,22 €","11.400,60 €","7.405,74 €","5.714,80 €","1,57 €","6,47 €","4,16 €","73,78 €","3,82 €","4,10 €","2,75 €","2,58 €","4,66 €","2,52 €","3,79 €","2,89 €","2,69 €","46,09 €","21.449,95 €","2.194,64 €","28.414,08 €"
